"County","AdamsCounty","AntelopeCounty","ArthurCounty","BannerCounty","BlaineCounty","BooneCounty","BoxButteCounty","BoydCounty","BrownCounty","BuffaloCounty","BurtCounty","ButlerCounty","CassCounty","CedarCounty","ChaseCounty","CherryCounty","CheyenneCounty","ClayCounty","ColfaxCounty","CumingCounty","CusterCounty","DakotaCounty","DawesCounty","DawsonCounty","DeuelCounty","DixonCounty","DodgeCounty","DouglasCounty","DundyCounty","FillmoreCounty","FranklinCounty","FrontierCounty","FurnasCounty","GageCounty","GardenCounty","GarfieldCounty","GosperCounty","GrantCounty","GreeleyCounty","HallCounty","HamiltonCounty","HarlanCounty","HayesCounty","HitchcockCounty","HoltCounty","HookerCounty","HowardCounty","JeffersonCounty","JohnsonCounty","KearneyCounty","KeithCounty","KeyaPahaCounty","KimballCounty","KnoxCounty","LancasterCounty","LincolnCounty","LoganCounty","LoupCounty","McPhersonCounty","MadisonCounty","MerrickCounty","MorrillCounty","NanceCounty","NemahaCounty","NuckollsCounty","OtoeCounty","PawneeCounty","PerkinsCounty","PhelpsCounty","PierceCounty","PlatteCounty","PolkCounty","RedWillowCounty","RichardsonCounty","RockCounty","SalineCounty","SarpyCounty","SaundersCounty","ScottsBluffCounty","SewardCounty","SheridanCounty","ShermanCounty","SiouxCounty","StantonCounty","ThayerCounty","ThomasCounty","ThurstonCounty","ValleyCounty","WashingtonCounty","WayneCounty","WebsterCounty","WheelerCounty","YorkCounty"
"AdamsCounty",12.2,136.9,218.4,323.7,162.4,99.9,319.9,178.3,200,57.6,182.8,107.9,160.9,195.7,191.8,293.6,267.7,27.6,124.2,166.7,113,207.6,368.9,94.1,225.9,195.8,146.1,163,184.7,57,51.3,125.5,91.9,114.1,249.5,122.4,82.9,244.8,84.1,33.9,47.6,76.5,164.7,146.5,151,207.9,60.8,98.9,132.7,29,198.4,220.4,299.6,173.2,115.1,145.2,166.8,136.2,183.3,146.4,60,282.4,79,156.4,53.2,150.5,150.7,209.8,56.2,168.2,109.7,81.4,121.4,178.9,184.6,83.2,159.3,141.9,318.4,97.5,331.6,74.4,360.1,150.3,75.7,180.4,189.7,99.7,178.2,171.7,38.8,106.6,69.6
"AntelopeCounty",136.9,15.1,252.2,391.1,141,40.3,303.2,73.7,107.3,149.7,108.5,107.5,174.2,71.2,314.1,202.9,335.1,124.8,93.5,77.5,135,99.2,304.8,199.3,293.3,77.7,115.9,148.1,323.6,132.3,180.4,248.1,230.9,199.7,316.9,85,205.5,244,72.5,111.6,98.7,210.2,279.5,285.4,46.3,200.5,100.8,181.3,205,158.2,265.8,123.5,367,39.9,159.9,213,190.9,109.7,217,41.2,78.2,332.5,62.8,226.6,152.3,195.3,228.8,277.2,182.8,37.8,77.4,87,260.3,251.8,97.7,158.4,157.4,139.4,352.3,131.5,270.6,116.9,361.1,58,158,173,97.2,90.5,129.6,68.1,168.8,47.7,107.9
"ArthurCounty",218.4,252.2,13.8,147.6,131.9,223.9,99.4,269.5,180.5,181.4,325.7,259.5,347.7,319.8,92.8,116.5,113.8,250.3,275.8,307.8,120.1,346.1,148.4,131.1,72,326.3,297.8,349.8,123.7,274.3,214,141.6,173.8,341.6,75.1,179.4,148.5,26.4,190.7,214.1,234.3,199.6,121,130.6,241.7,67.6,182,323.2,347,191.8,34.6,209.9,145.6,288.4,301.9,92.2,68.5,166.3,36.4,277.9,213.4,108,218.4,368.6,263.8,337.2,370.7,62.7,172.2,286.4,249.3,233,164.1,393.8,207.2,300.4,346,285.3,143.9,284.2,113.2,163.4,185.6,281.9,300,95.3,332.4,162.8,364.9,303.3,238.7,208.5,256.4
"BannerCounty",323.7,391.1,147.6,14.1,237.6,391.9,81,354.2,286.1,286.7,474.8,399.9,452.9,487.7,173.3,234.9,72.9,355.6,416.2,458.7,259,499.5,119.3,236.3,99.6,487.8,438.1,455,216.3,379.5,319.3,234.1,279.1,446.9,91,318.3,253.8,145.8,329.6,319.4,339.6,304.8,213.6,223.2,349,173.2,340.3,428.5,452.2,297.1,137,293.4,27.2,427.4,407.1,184.8,215.5,305.3,184,438.4,352,43.4,371,473.9,369.1,442.5,476,155.3,277.5,425.4,401.7,373.4,256.7,499,312.1,405.7,451.3,433.9,26.2,389.5,129.1,320.6,69.3,442.3,405.3,200.9,481.7,301.7,470.2,463.7,343.9,347.5,361.6
"BlaineCounty",162.4,141,131.9,237.6,13.8,120.2,167.3,142.7,53.6,110.8,222,186.4,273.6,208.6,206.8,150.2,227.8,176.2,183.2,204.1,52.3,236.6,216.3,106.5,186,215.1,212,244.1,237.7,200.2,162.3,143.3,144,267.6,209.6,64.8,118.7,108.1,104.8,133.5,152.6,151.7,172.2,191.8,117.3,64.5,108.9,249.1,272.9,140.1,158.4,83.1,259.6,177.3,227.8,105.6,71.2,49.8,101.7,171.8,140.3,196.6,134.2,294.5,203.6,263.1,296.6,169.8,124.3,175.3,161.3,159.9,173.4,319.7,80.4,226.3,271.9,212.2,216.4,210.1,181.1,95.6,258.2,178.1,225.9,37,228.6,75.8,225.6,199.5,187,97.4,182.3
"BooneCounty",99.9,40.3,223.9,391.9,120.2,13.5,282.4,108.6,142.2,124.3,102.4,70.4,150.7,104,314.9,237.8,335.9,87.8,63.7,84.5,106.8,122.8,339.8,162.3,294.1,110.2,92.4,124.6,286.6,95.3,143.3,211,193.8,162.7,317.7,64.2,168.5,223.2,39.7,74.6,61.6,173.2,280.3,248.4,81.3,179.6,68,144.2,168,121.1,266.5,158.5,367.7,76.5,122.9,213.3,162.7,88.9,188.8,54.6,41.1,311.7,25.8,189.6,115.3,158.2,191.7,277.9,145.8,74.5,41.7,50,223.3,214.8,132.7,121.4,133.9,102.3,331.5,94.5,296.2,88.7,373.3,58.6,121,152.2,109.1,69.7,106,80,131.8,44.3,70.8
"BoxButteCounty",319.9,303.2,99.4,81,167.3,282.4,16.9,277.6,211,282.9,384.2,340,449.1,365.7,181.6,158.3,78.5,351.8,345.4,366.3,200.6,396.1,49,232.5,107.4,374.6,374.2,451.3,212.5,375.7,315.5,230.4,275.3,443.1,88.9,227,250,75.6,267,315.6,335.8,301,209.8,219.4,272.4,103,262.5,424.7,448.5,293.3,126.2,216.8,103.3,335.4,403.4,181,166.3,212,135.8,334,293.9,40.1,296.4,470.1,365.3,438.7,472.2,151.5,273.7,334.7,323.5,313.5,252.9,495.2,235.5,401.9,447.5,365.8,59.8,385.7,52.5,243.9,98.9,340.3,401.5,130.6,390.9,238,387.8,361.7,340.1,259.6,357.9
"BoydCounty",178.3,73.7,269.5,354.2,142.7,108.6,277.6,12,90.2,177.7,176.9,175.9,263.2,90.7,338.7,165.6,359.7,192.1,161.9,145.9,159.6,131.9,267.5,213.8,317.9,118.5,184.3,232.4,344.1,200.7,221.7,269.4,251.3,268.1,341.5,103.9,226,245.7,100.6,149.4,168.5,238.8,304.1,305.9,38.9,202.1,128.9,249.6,273.4,199.5,290.3,62.4,391.5,60.3,228.3,237.5,208.8,125.1,239.2,109.6,146.5,313.3,131.1,294.2,219.6,263.6,297.1,301.7,211.4,92.3,145.8,155.4,280.8,320.3,74.1,226.8,242.9,207.8,331.7,199.9,233.3,145,323.9,126.3,226.4,174.6,159.3,118.6,197.9,127.4,210.2,75.8,176.2
"BrownCounty",200,107.3,180.5,286.1,53.6,142.2,211,90.2,18,151.4,210.5,209.4,276.2,160.4,255.4,99,276.3,213.8,195.4,179.4,100.8,188.5,201,155.1,234.6,166.9,217.9,250.1,286.2,237.8,202.9,191.9,192.6,305.2,258.1,97.3,167.3,156.6,134.1,171.1,190.3,192.2,220.8,240.3,64.8,113.1,141.3,286.8,310.5,180.7,207,30.6,308.2,129.1,265.4,154.2,119.7,72.3,150.2,143.2,172.8,245.1,164.7,332.1,241.3,300.8,334.3,218.4,164.8,127.1,179.4,189,222,357.3,27.9,263.9,259.4,241.3,265.1,247.8,166.8,134.7,257.3,159.9,263.5,85.6,199.2,108.2,231.5,162.2,227.5,109.4,219.9
"BuffaloCounty",57.6,149.7,181.4,286.7,110.8,124.3,282.9,177.7,151.4,16.1,207.1,132.3,185.3,220.1,209.7,242,230.7,87.9,148.5,191,61.5,231.9,331.9,57.1,188.9,220.2,170.5,187.4,181.4,111.9,53.2,105.9,88.6,179.3,212.5,89.8,63.3,207.8,88.2,45.1,71.9,68,175.1,143.2,150.4,156.3,60.1,160.8,184.6,30.9,161.4,171.8,262.6,185.9,139.5,108.2,114.7,87.6,146.3,170.7,84.4,245.4,103.4,206.2,103,174.8,208.3,172.8,40.6,192.6,134,105.7,118.1,231.4,136,138,183.6,166.3,281.4,121.9,272.9,35.6,323.1,174.7,137.6,128.8,214.1,60.3,202.6,196.1,77.8,106.1,94
"BurtCounty",182.8,108.5,325.7,474.8,222,102.4,384.2,176.9,210.5,207.1,11.5,86.2,81.8,98.5,397.8,306.1,418.7,190.8,63.8,32.1,208.6,57.6,408,245.2,377,73.3,37,51,369.5,167,226.2,293.9,276.7,146.2,400.6,166,251.4,325,141.4,157.5,144.5,256,363.2,331.2,149.6,281.4,154.5,167.5,115.6,204,349.4,226.7,450.6,126.4,99.1,296.2,264.4,190.6,290.5,77.5,127.2,433.5,117.4,127.8,218.2,98,131.5,360.8,228.7,91.4,86.2,113.6,306.1,153.9,201,147.7,65,59.4,469.4,112.1,373.9,184.4,464.4,59.1,192.8,253.9,42.9,171.5,34.8,69.1,214.6,146,149.1
"ButlerCounty",107.9,107.5,259.5,399.9,186.4,70.4,340,175.9,209.4,132.3,86.2,12.4,83.9,111.4,322.9,305,343.9,97.7,27.6,70.1,142.4,111,389,170.3,302.1,99.3,49.6,61.6,294.6,74,151.4,219.1,201.8,93.3,325.7,134,176.5,280.8,102.4,82.6,69.6,181.2,288.3,256.4,148.5,237.2,79.6,82.8,98.6,129.1,274.5,225.7,375.8,129.6,50.6,221.4,198.3,155.1,224.4,72.8,52.3,358.6,63.5,120.2,125.2,88.8,122.3,285.9,153.8,94.7,36.1,27.8,231.3,145.4,203.5,58.5,67.1,30.3,394.5,28.4,353.8,109.5,436.3,60.2,99.7,209.8,93.2,118.6,72.3,82,139.8,114.1,49.5
"CassCounty",160.9,174.2,347.7,452.9,273.6,150.7,449.1,263.2,276.2,185.3,81.8,83.9,12.2,184.2,376,371.8,396.9,140.3,100.4,97.8,224.2,135.6,498.1,223.4,355.1,152.9,66.2,33.3,347.6,116.5,204.4,272.1,254.9,74.9,378.7,233.6,229.6,374,195.3,145,121.1,234.2,341.4,309.4,215.2,319.1,171.9,102,46.4,182.2,327.6,292.4,428.8,192.1,40.5,274.4,296,247.4,312.5,143.1,139.6,411.6,143,50.8,167.7,28.8,62.3,339,206.8,157.1,117.9,107.2,284.3,75.9,266.6,82.8,28.9,54.2,447.6,74.5,435.7,185.6,489.3,123.2,142.3,291.6,112.4,210.9,55.7,134.8,192.8,194.3,98.6
"CedarCounty",195.7,71.2,319.8,487.7,208.6,104,365.7,90.7,160.4,220.1,98.5,111.4,184.2,14.1,410.7,253.7,431.7,183.6,87.4,67.4,202.6,52.9,355.6,258.1,389.9,31.3,105.9,153.4,382.4,171,239.2,306.9,289.6,203.9,413.5,152.6,264.3,311.6,140.1,170.4,157.4,269,376.1,344.2,99.5,268,163.8,193.5,218,216.9,362.4,150.4,463.6,37.9,161.7,309.2,258.5,177.3,284.6,61.1,137.2,400.1,118.9,215.2,211.1,200.4,233.9,373.8,241.6,59.6,87.8,124.8,319.1,241.3,150.9,169.2,163.9,128.3,419.8,139.1,321.4,184.5,411.9,68.1,196.7,240.6,72.2,158.1,119.5,44.4,227.6,115.3,146.6
"ChaseCounty",191.8,314.1,92.8,173.3,206.8,314.9,181.6,338.7,255.4,209.7,397.8,322.9,376,410.7,15.4,209.3,117.2,218.2,339.2,381.7,182.1,422.6,230.6,159.4,87.6,410.8,361.2,378.1,46.9,249,168.3,113.7,118.3,284.4,111.2,241.4,129.8,119.1,252.7,242.4,262.6,142.2,66.3,53.8,303.7,160.4,263.3,265.9,375.3,163.9,60,284.8,149.1,350.4,330.2,107.8,138.5,228.3,129.2,361.4,275,144.1,294,396.9,218.1,365.5,321,33.7,146.4,348.4,324.7,296.4,77.6,343.4,276.7,275.4,374.3,356.9,180,312.5,206,243.6,221.7,365.3,244,171.6,404.8,224.7,393.2,386.7,193,270.5,284.7
"CherryCounty",293.6,202.9,116.5,234.9,150.2,237.8,158.3,165.6,99,242,306.1,305,371.8,253.7,209.3,39.9,232.4,307.4,291.1,275,183.5,284.1,148.2,225.7,188.4,262.6,313.5,345.7,240.1,331.4,293.5,235.4,270.8,398.8,191.5,195.2,245.5,92.6,229.8,264.7,283.8,282.9,252.6,272.1,160.4,144.9,239.2,380.3,404.1,271.3,151.1,104.8,257.2,223.3,359,186,151.6,167.9,182.1,238.8,270.6,194,260.4,425.7,334.9,394.3,427.8,179.2,255.5,222.7,275,284.6,257.9,450.9,123.5,357.5,355,337,212.4,341.4,114,226.8,204.6,255.5,357.1,117.4,294.8,206.1,327.1,257.8,318.2,205,313.5
"CheyenneCounty",267.7,335.1,113.8,72.9,227.8,335.9,78.5,359.7,276.3,230.7,418.7,343.9,396.9,431.7,117.2,232.4,17.8,299.5,360.1,402.6,203,443.5,127.5,180.3,43.6,431.8,382.1,399,160.2,323.5,263.3,178.1,223,390.9,76.1,262.3,197.7,140.1,273.6,263.4,283.5,248.8,157.5,167.2,324.6,181.3,284.2,372.4,396.2,241.1,80.9,305.8,48.8,371.4,351.1,128.8,159.5,249.3,150.1,382.3,296,41,315,417.8,313.1,386.4,419.9,99.3,221.4,369.3,345.6,317.3,200.6,443,297.7,349.6,395.2,377.9,74.9,333.5,126.6,264.5,116.6,386.3,349.2,192.6,425.7,245.7,414.1,407.7,287.9,291.5,305.6
"ClayCounty",27.6,124.8,250.3,355.6,176.2,87.8,351.8,192.1,213.8,87.9,190.8,97.7,140.3,183.6,218.2,307.4,299.5,12.3,112.1,154.6,126.8,195.5,400.8,126,257.8,183.7,134.1,142.4,211.1,26.3,72.8,151.8,118.3,89.9,281.4,136.2,109.3,276.6,97.9,47.7,29.4,102.7,191,172.8,164.8,221.7,74.6,74.7,110.6,55.4,230.2,234.2,331.4,161.1,94.4,177,198.6,150,215.1,134.3,47.9,314.3,66.9,134.2,29,129.8,126.5,241.6,82.6,156.1,97.6,71.2,147.7,148.9,198.4,65.2,138.6,121.2,350.2,76.8,338.3,88.2,391.9,138.2,51.5,194.2,177.6,113.5,157.5,159.6,51.5,120.4,49
"ColfaxCounty",124.2,93.5,275.8,416.2,183.2,63.7,345.4,161.9,195.4,148.5,63.8,27.6,100.4,87.4,339.2,291.1,360.1,112.1,10.5,46.1,158.6,87,393,186.6,318.4,75.3,40.2,74.3,310.9,101.2,167.6,235.3,218.1,120.1,342,127.2,192.8,286.2,92.7,98.9,85.9,197.4,304.6,272.6,134.5,242.7,95.9,109.7,125.5,145.4,290.8,211.7,392,111.4,77.8,237.6,214.5,151.9,240.6,56,68.6,374.9,61.2,143.8,139.5,115.7,149.2,302.2,170.1,76.4,35.7,55,247.5,178.3,185.9,85.4,83.7,55.5,410.8,55.3,359.3,125.8,452.5,36.2,127,215.2,69.2,125.5,62.8,58,156.1,107.3,76.8
"CumingCounty",166.7,77.5,307.8,458.7,204.1,84.5,366.3,145.9,179.4,191,32.1,70.1,97.8,67.4,381.7,275,402.6,154.6,46.1,12.3,190.6,53.6,377,229.1,360.9,55.6,39.5,71.7,353.4,143.7,210.1,277.8,260.6,138,384.5,148.1,235.3,307.1,123.5,141.4,128.4,239.9,347.1,315.1,118.5,263.5,138.4,152.2,131.6,187.9,333.3,195.7,434.5,95.3,94.8,280.1,246.5,172.7,272.6,46.5,111.1,417.4,99.5,141.1,182,114,147.5,344.7,212.6,60.4,68.3,97.5,290,175.6,169.9,127.9,81,61.9,415.3,97.8,342.8,168.3,433.3,31.7,169.5,236,34.3,153.6,53.1,38,198.6,114.7,119.3
"CusterCounty",113,135,120.1,259,52.3,106.8,200.6,159.6,100.8,61.5,208.6,142.4,224.2,202.6,182.1,183.5,203,126.8,158.6,190.6,26.1,228.9,249.5,55,161.3,209.1,180.6,226.3,185.3,150.8,113,110.3,92.5,218.2,184.8,62.2,67.2,141.3,73.5,84.1,103.3,102.3,147.4,147.1,124.6,97.8,64.8,199.8,223.5,90.8,133.7,130.3,234.9,171.3,178.4,80.9,58.8,49.2,84.9,160.8,96.3,217.8,101.3,245.1,154.3,213.8,247.3,145.1,74.9,169.3,132.2,115.8,121.9,270.3,97.6,176.9,222.6,168.2,253.7,160.8,214.4,46.3,295.4,164.7,176.6,70.3,215.2,45.6,203.3,186.1,137.6,91.4,132.9
"DakotaCounty",207.6,99.2,346.1,499.5,236.6,122.8,396.1,131.9,188.5,231.9,57.6,111,135.6,52.9,422.6,284.1,443.5,195.5,87,53.6,228.9,8.4,386,270,401.8,21.6,71.3,104.8,394.2,220.9,251,318.7,301.5,200.1,425.4,180.6,276.2,339.6,161.8,182.3,169.3,280.8,388,356,127.5,296.1,182.7,221.4,169.5,228.8,374.2,191.7,475.4,87.2,152.9,321,284.8,205.3,310.9,79.9,156,458.3,137.8,166.6,222.9,151.9,185.4,385.6,253.4,87.4,106.6,138.4,330.9,192.8,178.9,201.6,115.4,93.8,447.9,138.7,351.8,212.6,442.4,67.7,246.7,268.6,27.4,186.1,77.2,44,239.4,143.4,160.2
"DawesCounty",368.9,304.8,148.4,119.3,216.3,339.8,49,267.5,201,331.9,408,389,498.1,355.6,230.6,148.2,127.5,400.8,393,377,249.5,386,19.3,281.5,156.4,364.5,415.4,500.2,261.5,424.7,364.5,279.3,324.3,492.1,137.9,276,299,124.6,316,364.6,384.8,350,258.8,268.4,262.4,151.9,311.5,473.7,497.4,342.3,175.2,206.7,141.6,325.3,452.3,230,215.3,269.9,184.8,340.7,342.9,89.1,345.4,519.1,414.3,487.7,521.2,200.5,322.7,324.6,376.9,362.5,301.9,544.2,225.4,450.9,496.5,414.8,92.9,434.7,61.9,292.9,66.6,357.5,450.5,179.6,396.7,287,429.1,359.8,389.1,307,406.8
"DawsonCounty",94.1,199.3,131.1,236.3,106.5,162.3,232.5,213.8,155.1,57.1,245.2,170.3,223.4,258.1,159.4,225.7,180.3,126,186.6,229.1,55,270,281.5,16.4,138.5,258.2,208.6,225.4,149.1,149.9,89.7,58.9,56.3,217.3,162.1,116.4,31,157.4,127.8,89.8,110,75.3,124.7,110.8,178.8,137.6,110.7,198.9,222.6,67.5,111,184.5,212.2,235.6,177.6,57.8,77,103.4,95.9,208.8,122.4,195,141.4,244.3,139.5,212.9,246.4,122.4,47.9,230.6,172.1,143.8,85.7,269.4,151.8,176.1,221.7,204.3,231,159.9,244.3,91,272.7,212.7,175.7,110.1,252.1,99.8,240.6,234.1,114.3,145.6,132.1
"DeuelCounty",225.9,293.3,72,99.6,186,294.1,107.4,317.9,234.6,188.9,377,302.1,355.1,389.9,87.6,188.4,43.6,257.8,318.4,360.9,161.3,401.8,156.4,138.5,10.8,390,340.4,357.3,118.5,281.7,221.5,136.4,181.3,349.1,37,220.5,156,98.3,231.9,221.6,241.8,207.1,115.8,125.4,282.9,139.6,242.5,330.7,354.5,199.3,39.2,264,75.4,329.6,309.4,87,117.7,207.5,108.4,340.6,254.2,69.9,273.2,376.1,271.3,344.7,378.2,57.5,179.7,327.6,303.9,275.6,158.9,401.2,255.9,307.9,353.5,336.1,105.8,291.7,155.5,222.8,147.6,344.5,307.5,150.8,384,203.9,372.4,365.9,246.1,249.7,263.9
"DixonCounty",195.8,77.7,326.3,487.8,215.1,110.2,374.6,118.5,166.9,220.2,73.3,99.3,152.9,31.3,410.8,262.6,431.8,183.7,75.3,55.6,209.1,21.6,364.5,258.2,390,11.3,83.9,122.1,382.5,172.9,239.3,307,289.7,217.4,413.6,159.1,264.4,318.1,146.6,170.5,157.6,269.1,376.2,344.3,106,274.5,170,181.3,186.7,217.1,362.5,178.2,463.7,65.7,170.2,309.3,265,183.8,291.1,67.3,143.4,406.6,125.2,183.9,211.2,169.1,202.6,373.9,241.7,65.8,94,126.7,319.2,210.1,157.4,157,132.6,106.3,426.4,126.9,330.3,191,420.8,55.9,198.6,247.1,43.7,164.6,97.4,32.2,227.7,121.8,148.5
"DodgeCounty",146.1,115.9,297.8,438.1,212,92.4,374.2,184.3,217.9,170.5,37,49.6,66.2,105.9,361.2,313.5,382.1,134.1,40.2,39.5,180.6,71.3,415.4,208.6,340.4,83.9,12,40,332.8,127.2,189.6,257.3,240.1,106.4,364,156,214.8,315,114.7,120.8,107.9,219.4,326.6,294.6,157,271.4,117.9,127.7,100,167.4,312.8,234.1,414,133.8,63.3,259.6,236.5,180.6,262.6,84.8,90.6,396.9,83.2,109.5,161.5,82.4,115.9,324.2,192.1,98.8,57.7,77,269.5,144,201.8,107.9,49.4,30.3,432.8,75.5,381.2,147.8,474.5,64.9,153,243.9,56.7,147.5,24.8,76.5,178,136,98.8
"DouglasCounty",163,148.1,349.8,455,244.1,124.6,451.3,232.4,250.1,187.4,51,61.6,33.3,153.4,378.1,345.7,399,142.4,74.3,71.7,226.3,104.8,500.2,225.4,357.3,122.1,40,9.5,349.7,118.6,206.5,274.2,257,97.8,380.8,188.1,231.6,376.1,148.9,147.1,123.2,236.3,343.5,311.5,189.1,321.2,136.8,119.1,67.2,184.3,329.7,266.3,430.9,166,50.6,276.5,298.1,212.8,314.6,116.9,109.5,413.8,117.4,72.9,169.8,49.6,83.1,341.1,208.9,131,91.8,84.9,286.4,106.5,240.5,99.2,16.5,31.9,449.7,76.6,437.8,187.7,491.4,97.1,144.4,293.7,81.6,175.7,24.9,108.7,194.9,168.2,100.7
"DundyCounty",184.7,323.6,123.7,216.3,237.7,286.6,212.5,344.1,286.2,181.4,369.5,294.6,347.6,382.4,46.9,240.1,160.2,211.1,310.9,353.4,185.3,394.2,261.5,149.1,118.5,382.5,332.8,349.7,15.6,241.9,161.2,112.1,111.2,277.3,142.1,246.7,122.7,150,270.8,214.1,234.3,135,67.5,41.5,309.1,191.2,235,258.8,311.3,156.8,90.9,315.7,192.1,359.9,301.8,124.3,169.4,233.7,160,333.1,246.7,175,265.7,368.5,211,337.2,313.9,64.6,139.2,354.9,296.4,268,70.5,336.3,282.1,268.3,346,328.6,210.9,284.2,236.9,215.3,252.6,337,236.9,202.5,376.4,236.2,364.9,358.4,185.8,293.3,256.3
"FillmoreCounty",57,132.3,274.3,379.5,200.2,95.3,375.7,200.7,237.8,111.9,167,74,116.5,171,249,331.4,323.5,26.3,101.2,143.7,150.8,220.9,424.7,149.9,281.7,172.9,127.2,118.6,241.9,12.4,98.5,198.7,149.1,67.6,305.3,160.2,156.1,300.6,121.9,71.6,47.7,128.4,221.8,203.6,173.3,245.6,98.5,52.4,77.4,84.8,254.1,258.2,355.4,168.6,70.7,201,222.6,174,239.1,121.6,66.2,338.2,85.2,101,54,106,104.2,265.5,112,143.5,84.9,47.4,178.5,123.6,222.4,30.3,114.8,97.5,374.2,53.1,362.2,112.2,415.9,125.6,29.2,218.2,166.8,137.5,133.8,147,77.2,144.4,25.2
"FranklinCounty",51.3,180.4,214,319.3,162.3,143.3,315.5,221.7,202.9,53.2,226.2,151.4,204.4,239.2,168.3,293.5,263.3,72.8,167.6,210.1,113,251,364.5,89.7,221.5,239.3,189.6,206.5,161.2,98.5,12.3,115.2,64,134,245.1,141.2,72.7,240.4,127.6,70.9,91,34.5,141.2,123,194.4,207.8,91.7,106.4,168,23.6,193.9,223.3,295.1,216.6,158.6,140.7,162.4,139.1,178.9,189.8,103.4,278,122.4,182.6,58.6,193.9,166.4,178.9,46,211.6,153.1,124.8,97.8,193,187.5,124.9,202.7,185.4,313.9,140.9,327.2,87,355.7,193.8,83.7,180.3,233.2,111.7,221.6,215.2,37.9,150.1,113.1
"FrontierCounty",125.5,248.1,141.6,234.1,143.3,211,230.4,269.4,191.9,105.9,293.9,219.1,272.1,306.9,113.7,235.4,178.1,151.8,235.3,277.8,110.3,318.7,279.3,58.9,136.4,307,257.3,274.2,112.1,198.7,115.2,16.1,75.8,266.1,159.9,172.1,50.5,167.9,195.3,138.6,158.7,99.7,82.4,73.9,234.4,147.3,159.4,212.8,271.4,97.5,108.8,221.4,210,284.3,226.3,50.1,86.7,159.1,93.7,257.5,171.1,192.9,190.1,293,165.1,261.6,295.1,80.1,80,279.4,220.8,192.5,60.4,318.2,207.5,224.8,270.4,253.1,228.8,208.6,254.8,139.7,270.5,261.5,190.9,119.8,300.9,160.7,289.3,282.9,139.9,217.8,180.8
"FurnasCounty",91.9,230.9,173.8,279.1,144,193.8,275.3,251.3,192.6,88.6,276.7,201.8,254.9,289.6,118.3,270.8,223,118.3,218.1,260.6,92.5,301.5,324.3,56.3,181.3,289.7,240.1,257,111.2,149.1,64,75.8,13.8,184.5,204.9,153.9,29.9,200.1,178.1,121.3,141.5,33.2,91.2,72.9,216.3,182.7,142.2,159,218.6,64,153.7,222,254.9,267.1,209.1,100.5,122.1,140.9,138.6,240.3,153.9,237.8,172.9,275.8,111.3,244.4,219.1,139.5,46.5,262.1,203.6,175.3,47.8,243.5,189.3,175.5,253.2,235.8,273.7,191.4,287,122.5,315.4,244.2,136.3,155.2,283.7,143.4,272.1,265.6,90.5,200.5,163.6
"GageCounty",114.1,199.7,341.6,446.9,267.6,162.7,443.1,268.1,305.2,179.3,146.2,93.3,74.9,203.9,284.4,398.8,390.9,89.9,120.1,138,218.2,200.1,492.1,217.3,349.1,217.4,106.4,97.8,277.3,67.6,134,266.1,184.5,15.1,372.7,227.6,223.5,368,189.3,139,115.1,158.7,257.3,239.1,240.7,313,165.9,29.4,30.5,134.7,321.5,325.6,422.8,222.2,44.7,268.4,290,241.4,306.5,165.3,133.6,405.6,152.6,51,77.4,57.2,38.9,333,162.1,187.2,128.6,114.8,214,61.3,289.8,40,94,76.7,441.6,68.5,429.6,179.6,483.3,152.7,56.1,285.6,155.3,204.9,112.9,174.5,112.6,211.8,92.6
"GardenCounty",249.5,316.9,75.1,91,209.6,317.7,88.9,341.5,258.1,212.5,400.6,325.7,378.7,413.5,111.2,191.5,76.1,281.4,342,384.5,184.8,425.4,137.9,162.1,37,413.6,364,380.8,142.1,305.3,245.1,159.9,204.9,372.7,21.4,244.1,179.6,101.4,255.4,245.2,265.4,230.6,139.4,149,306.5,142.6,266.1,354.3,378,222.9,55.8,287.6,108,353.2,332.9,110.6,141.3,231.1,111.4,364.2,277.8,51.4,296.8,399.7,294.9,368.3,401.8,81.1,203.3,351.2,327.5,299.2,182.5,424.8,279.5,331.5,377.1,359.7,87.3,315.3,137,246.4,129,368.1,331.1,174.4,407.5,227.5,396,389.5,269.7,273.3,287.4
"GarfieldCounty",122.4,85,179.4,318.3,64.8,64.2,227,103.9,97.3,89.8,166,134,233.6,152.6,241.4,195.2,262.3,136.2,127.2,148.1,62.2,180.6,276,116.4,220.5,159.1,156,188.1,246.7,160.2,141.2,172.1,153.9,227.6,244.1,12.3,128.6,167.8,48.8,93.5,112.7,141.4,206.7,208.5,68.9,124.3,63.7,209.1,232.9,119,193,117.7,294.2,121.3,187.8,140.2,118.1,33.5,144.2,115.8,95.2,256.3,89.1,254.5,163.7,223.1,256.6,204.4,114,119.3,105.3,114.7,183.4,279.7,81.9,186.3,197.5,167.1,276.1,170.2,240.8,57,317.9,122.1,185.9,96.8,172.6,30.6,169.6,143.5,154.3,41.4,142.3
"GosperCounty",82.9,205.5,148.5,253.8,118.7,168.5,250,226,167.3,63.3,251.4,176.5,229.6,264.3,129.8,245.5,197.7,109.3,192.8,235.3,67.2,276.2,299,31,156,264.4,214.8,231.6,122.7,156.1,72.7,50.5,29.9,223.5,179.6,128.6,11.1,174.8,152.8,96,116.2,53.8,102.7,84.5,191,157.4,116.9,170.3,228.9,55,128.4,196.7,229.6,241.8,183.8,75.2,96.8,115.6,113.3,215,128.6,212.5,147.6,250.5,122.5,219.1,252.6,114.2,37.5,236.8,178.3,150,59.3,275.6,164,182.3,227.9,210.5,248.4,166.1,261.7,97.2,290.1,218.9,148.4,129.9,258.4,118.1,246.8,240.3,97.3,175.2,138.3
"GrantCounty",244.8,244,26.4,145.8,108.1,223.2,75.6,245.7,156.6,207.8,325,280.8,374,311.6,119.1,92.6,140.1,276.6,286.2,307.1,141.3,339.6,124.6,157.4,98.3,318.1,315,376.1,150,300.6,240.4,167.9,200.1,368,101.4,167.8,174.8,14.4,207.8,240.5,260.6,225.9,147.3,157,220.3,43.8,203.3,349.5,373.3,218.1,61,186.1,172,280.3,328.2,118.6,94.9,152.8,62.7,274.8,234.7,104.9,237.2,394.9,290.2,363.5,397,89.1,198.5,278.3,264.3,254.3,190.4,420.1,183.4,326.7,372.3,306.6,124.6,310.6,89.4,184.7,166.4,281.1,326.3,71.4,331.6,178.8,328.6,302.5,265,200.4,282.7
"GreeleyCounty",84.1,72.5,190.7,329.6,104.8,39.7,267,100.6,134.1,88.2,141.4,102.4,195.3,140.1,252.7,229.8,273.6,97.9,92.7,123.5,73.5,161.8,316,127.8,231.9,146.6,114.7,148.9,270.8,121.9,127.6,195.3,178.1,189.3,255.4,48.8,152.8,207.8,12.3,55.2,74.4,157.4,218.1,232.6,73.2,164.3,34.8,170.9,194.6,105.4,204.3,150.4,305.5,108.8,149.5,151.5,129.4,73.5,155.5,93.6,56.9,288.4,46.1,216.2,125.4,184.9,218.4,215.7,130,106.7,64.4,75.8,207.5,241.4,121.9,148,165.1,128.2,324.3,131.9,280.8,55.5,366,97.6,147.6,136.8,148.1,38.6,145.1,119,116,28.9,104
"HallCounty",33.9,111.6,214.1,319.4,133.5,74.6,315.6,149.4,171.1,45.1,157.5,82.6,145,170.4,242.4,264.7,263.4,47.7,98.9,141.4,84.1,182.3,364.6,89.8,221.6,170.5,120.8,147.1,214.1,71.6,70.9,138.6,121.3,139,245.2,93.5,96,240.5,55.2,12.1,24.1,100.7,207.8,175.9,122.1,179,31.9,120.6,144.3,48.6,194.1,191.5,295.3,147.9,99.2,140.9,140,107.3,179,121.1,34.7,278.1,53.7,166,75.1,134.6,168.1,205.4,73.3,142.9,84.4,56.1,150.8,191.1,155.7,97.8,143.4,126,314.1,81.6,295.6,45.5,355.8,125,97.4,151.5,164.4,70.8,162.3,146.4,65.7,77.7,53.7
"HamiltonCounty",47.6,98.7,234.3,339.6,152.6,61.6,335.8,168.5,190.3,71.9,144.5,69.6,121.1,157.4,262.6,283.8,283.5,29.4,85.9,128.4,103.3,169.3,384.8,110,241.8,157.6,107.9,123.2,234.3,47.7,91,158.7,141.5,115.1,265.4,112.7,116.2,260.6,74.4,24.1,12,120.9,228,196.1,141.2,198.1,51,96.6,120.4,68.8,214.2,210.6,315.4,134.9,75.3,161,159.1,126.4,199.1,108.1,21.7,298.3,40.7,142,56.8,110.6,144.1,225.6,93.5,129.9,71.4,43.1,170.9,167.1,174.8,73.8,119.4,102,334.2,57.6,314.7,64.7,376,112.1,73.4,170.6,151.5,89.9,138.3,133.4,79.5,96.8,24.7
"HarlanCounty",76.5,210.2,199.6,304.8,151.7,173.2,301,238.8,192.2,68,256,181.2,234.2,269,142.2,282.9,248.8,102.7,197.4,239.9,102.3,280.8,350,75.3,207.1,269.1,219.4,236.3,135,128.4,34.5,99.7,33.2,158.7,230.6,141.4,53.8,225.9,157.4,100.7,120.9,12.3,115,96.8,203.8,197.2,121.6,129.5,186.9,48.5,179.5,212.6,280.7,246.5,188.4,126.3,147.9,128.4,164.4,219.6,133.3,263.5,152.3,207.3,81.7,223.8,189.5,163.4,31,241.5,182.9,154.6,71.7,217.7,176.8,154.7,232.6,215.2,299.5,170.8,312.8,101.8,341.2,223.6,106.7,169.7,263,122.8,251.5,245,60.9,179.9,142.9
"HayesCounty",164.7,279.5,121,213.6,172.2,280.3,209.8,304.1,220.8,175.1,363.2,288.3,341.4,376.1,66.3,252.6,157.5,191,304.6,347.1,147.4,388,258.8,124.7,115.8,376.2,326.6,343.5,67.5,221.8,141.2,82.4,91.2,257.3,139.4,206.7,102.7,147.3,218.1,207.8,228,115,13.7,26.7,269.1,164.5,228.7,238.8,340.6,136.7,88.2,250.2,189.4,315.8,295.5,67.2,103.9,193.7,110.9,326.8,240.4,172.3,259.4,362.3,191,330.9,293.9,54.8,119.2,313.8,290.1,261.8,50.4,316.3,242.1,248.2,339.7,322.3,208.2,277.9,234.2,209,249.9,330.7,216.8,137,370.1,190.1,358.6,352.1,165.8,235.9,250.1
"HitchcockCounty",146.5,285.4,130.6,223.2,191.8,248.4,219.4,305.9,240.3,143.2,331.2,256.4,309.4,344.2,53.8,272.1,167.2,172.8,272.6,315.1,147.1,356,268.4,110.8,125.4,344.3,294.6,311.5,41.5,203.6,123,73.9,72.9,239.1,149,208.5,84.5,157,232.6,175.9,196.1,96.8,26.7,13.8,270.9,184,196.8,220.6,273.1,118.5,97.8,269.8,199.1,321.7,263.6,86,123.5,195.5,130.5,294.8,208.5,181.9,227.5,330.3,172.8,299,275.7,71.6,101,316.7,258.1,229.8,32.2,298.1,243.9,230,307.7,290.4,217.9,246,243.8,177,259.6,298.8,198.6,156.6,338.2,198,326.7,320.2,147.6,255.1,218.1
"HoltCounty",151,46.3,241.7,349,117.3,81.3,272.4,38.9,64.8,150.4,149.6,148.5,215.2,99.5,303.7,160.4,324.6,164.8,134.5,118.5,124.6,127.5,262.4,178.8,282.9,106,157,189.1,309.1,173.3,194.4,234.4,216.3,240.7,306.5,68.9,191,220.3,73.2,122.1,141.2,203.8,269.1,270.9,25.3,176.7,101.6,222.3,246,172.2,255.3,81,356.5,68.2,200.9,202.5,180.4,95.8,206.5,82.3,119.2,308.1,103.8,267.7,192.2,236.3,269.8,266.7,176.4,66.2,118.4,128.1,245.7,292.8,48.7,199.5,198.5,180.4,326.5,172.6,228.2,117.7,318.7,99,199.1,149.2,138.2,91.3,170.6,101.3,182.8,48.5,148.9
"HookerCounty",207.9,200.5,67.6,173.2,64.5,179.6,103,202.1,113.1,156.3,281.4,237.2,319.1,268,160.4,144.9,181.3,221.7,242.7,263.5,97.8,296.1,151.9,137.6,139.6,274.5,271.4,321.2,191.2,245.6,207.8,147.3,182.7,313,142.6,124.3,157.4,43.8,164.3,179,198.1,197.2,164.5,184,176.7,13.8,159.7,294.6,318.4,185.6,102.2,142.6,213.2,236.7,273.3,97.9,63.5,109.2,93.9,231.2,191.1,132.3,193.6,340,249.1,308.6,342.1,130.3,169.8,234.7,220.7,210.7,169.8,365.1,139.8,271.8,317.4,263,152,255.6,116.8,141.1,193.8,237.6,271.4,27.9,288.1,135.2,285,259,232.5,156.8,227.8
"HowardCounty",60.8,100.8,182,340.3,108.9,68,262.5,128.9,141.3,60.1,154.5,79.6,171.9,163.8,263.3,239.2,284.2,74.6,95.9,138.4,64.8,182.7,311.5,110.7,242.5,170,117.9,136.8,235,98.5,91.7,159.4,142.2,165.9,266.1,63.7,116.9,203.3,34.8,31.9,51,121.6,228.7,196.8,101.6,159.7,12.3,147.5,171.3,69.5,214.9,161.7,316.1,137.1,126.2,161.7,120.7,77.5,146.8,114.5,33.5,299,46.9,192.9,102,161.5,195,226.3,94.2,136.3,77.8,53.1,171.6,218,125.9,124.7,142.3,105.4,334.9,108.5,276.3,32,376.6,118.4,124.3,132.2,161.4,41,140.5,139.8,92.7,57.2,80.7
"JeffersonCounty",98.9,181.3,323.2,428.5,249.1,144.2,424.7,249.6,286.8,160.8,167.5,82.8,102,193.5,265.9,380.3,372.4,74.7,109.7,152.2,199.8,221.4,473.7,198.9,330.7,181.3,127.7,119.1,258.8,52.4,106.4,212.8,159,29.4,354.3,209.1,170.3,349.5,170.9,120.6,96.6,129.5,238.8,220.6,222.3,294.6,147.5,12.3,57.6,119.4,303.1,307.1,404.3,211.7,66,249.9,271.5,222.9,288,154.9,115.1,387.2,134.1,78,48.2,84.2,63.8,314.5,143.6,176.7,118.2,96.4,195.4,88.4,271.3,34.9,115.3,98,423.1,58,411.2,161.1,464.8,142.2,26.9,267.1,175.3,186.4,134.3,164.1,86.5,193.3,74.2
"JohnsonCounty",132.7,205,347,452.2,272.9,168,448.5,273.4,310.5,184.6,115.6,98.6,46.4,218,375.3,404.1,396.2,110.6,125.5,131.6,223.5,169.5,497.4,222.6,354.5,186.7,100,67.2,311.3,77.4,168,271.4,218.6,30.5,378,232.9,228.9,373.3,194.6,144.3,120.4,186.9,340.6,273.1,246,318.4,171.3,57.6,10,155.3,326.9,330.9,428.1,227.5,46.5,273.7,295.3,246.7,311.8,170.6,138.9,411,157.9,25.1,105.6,28.6,23.9,338.3,206.1,192.5,133.9,120.1,248,46.7,295.1,54.1,62.8,77.5,446.9,73.8,435,184.9,488.6,157,84.3,290.9,146.2,210.2,89.6,168.6,146.6,217.1,97.9
"KearneyCounty",29,158.2,191.8,297.1,140.1,121.1,293.3,199.5,180.7,30.9,204,129.1,182.2,216.9,163.9,271.3,241.1,55.4,145.4,187.9,90.8,228.8,342.3,67.5,199.3,217.1,167.4,184.3,156.8,84.8,23.6,97.5,64,134.7,222.9,119,55,218.1,105.4,48.6,68.8,48.5,136.7,118.5,172.2,185.6,69.5,119.4,155.3,11.7,171.7,201.1,272.9,194.4,136.4,118.5,140.1,116.8,156.6,167.6,81.2,255.8,100.2,203.1,73.4,171.7,171.3,183.1,28.3,189.4,130.9,102.6,93.4,228.3,165.3,111,180.5,163.1,291.7,118.7,305,64.8,333.5,171.6,96.2,158.1,211,89.4,199.4,192.9,48.2,127.8,90.9
"KeithCounty",198.4,265.8,34.6,137,158.4,266.5,126.2,290.3,207,161.4,349.4,274.5,327.6,362.4,60,151.1,80.9,230.2,290.8,333.3,133.7,374.2,175.2,111,39.2,362.5,312.8,329.7,90.9,254.1,193.9,108.8,153.7,321.5,55.8,193,128.4,61,204.3,194.1,214.2,179.5,88.2,97.8,255.3,102.2,214.9,303.1,326.9,171.7,17.1,236.4,112.8,302,281.8,59.4,90.1,179.9,71,313,226.6,88.7,245.6,348.5,243.7,317.1,350.6,29.9,152.1,300,276.3,248,131.3,373.6,228.4,280.3,325.9,308.5,124.6,264.1,147.8,195.2,166.4,317,279.9,123.2,356.4,176.4,344.8,338.4,218.6,222.1,236.3
"KeyaPahaCounty",220.4,123.5,209.9,293.4,83.1,158.5,216.8,62.4,30.6,171.8,226.7,225.7,292.4,150.4,284.8,104.8,305.8,234.2,211.7,195.7,130.3,191.7,206.7,184.5,264,178.2,234.1,266.3,315.7,258.2,223.3,221.4,222,325.6,287.6,117.7,196.7,186.1,150.4,191.5,210.6,212.6,250.2,269.8,81,142.6,161.7,307.1,330.9,201.1,236.4,14.3,337.7,120.1,285.8,183.7,149.2,88.5,179.7,159.4,193.2,252.4,181,354,261.7,321.1,354.6,247.8,185.2,143.3,195.6,205.2,251.5,380.1,44.1,284.3,275.6,257.6,270.9,249.7,172.5,155,263,176.1,283.9,115.1,215.4,128.6,247.8,178.4,247.9,125.6,226.1
"KimballCounty",299.6,367,145.6,27.2,259.6,367.7,103.3,391.5,308.2,262.6,450.6,375.8,428.8,463.6,149.1,257.2,48.8,331.4,392,434.5,234.9,475.4,141.6,212.2,75.4,463.7,414,430.9,192.1,355.4,295.1,210,254.9,422.8,108,294.2,229.6,172,305.5,295.3,315.4,280.7,189.4,199.1,356.5,213.2,316.1,404.3,428.1,272.9,112.8,337.7,15.9,403.2,383,160.6,191.4,281.1,182,414.2,327.8,65.7,346.9,449.7,345,418.3,451.8,131.1,253.3,401.2,377.5,349.2,232.5,474.9,329.6,381.5,427.1,409.8,48.4,365.4,151.4,296.4,91.6,418.2,381.1,224.4,457.6,277.6,446,439.6,319.8,323.4,337.5
"KnoxCounty",173.2,39.9,288.4,427.4,177.3,76.5,335.4,60.3,129.1,185.9,126.4,129.6,192.1,37.9,350.4,223.3,371.4,161.1,111.4,95.3,171.3,87.2,325.3,235.6,329.6,65.7,133.8,166,359.9,168.6,216.6,284.3,267.1,222.2,353.2,121.3,241.8,280.3,108.8,147.9,134.9,246.5,315.8,321.7,68.2,236.7,137.1,211.7,227.5,194.4,302,120.1,403.2,17.4,179.5,249.2,227.2,145.9,253.3,68.6,114.4,368.8,99.1,249.5,188.6,208.3,241.8,313.4,219.1,38.9,95.3,123.3,296.5,275.6,119.6,187.4,175.3,159.1,388.6,157.3,291.1,153.2,381.6,75.8,194.3,209.2,106.5,126.8,147.4,73.3,205.1,84,144.1
"LancasterCounty",115.1,159.9,301.9,407.1,227.8,122.9,403.4,228.3,265.4,139.5,102.8,50.4,40.5,161.5,330.2,359,351.1,94.4,77.7,94.7,178.4,156.7,452.3,177.6,309.4,174,63,54.4,301.8,70.7,158.6,226.3,209.1,44.7,332.9,187.8,183.8,328.2,149.5,99.2,75.3,188.4,295.5,263.6,200.9,273.3,126.2,66,46.5,136.4,281.8,285.8,383,179.3,15,228.6,250.2,201.6,266.7,122.4,93.8,365.9,112.8,68.1,121.9,36.8,70.3,293.2,161,144.3,85.8,75,238.5,93.3,250,39.2,50.7,33.3,401.8,28.7,389.9,139.8,443.5,110.2,96.4,245.8,111.9,165.1,69.6,132.1,147,172,52.8
"LincolnCounty",145.2,213,92.2,184.8,105.6,213.3,181,237.5,154.2,108.2,296.2,221.4,274.4,309.2,107.8,186,128.8,177,237.6,280.1,80.9,321,230,57.8,87,309.3,259.6,276.5,124.3,201,140.7,50.1,100.5,268.4,110.6,140.2,75.2,118.6,151.5,140.9,161,126.3,67.2,86,202.5,97.9,161.7,249.9,273.7,118.5,59.4,183.7,160.6,249.2,228.6,26.1,37.4,127.2,44.3,259.8,173.4,143.5,192.4,295.3,190.6,263.9,297.4,64.8,98.9,247.2,223.1,194.8,72.6,320.5,175.6,227.1,272.7,255.4,179.4,210.9,205.4,142,221.2,263.8,226.7,70.4,303.2,123.6,291.6,285.2,165.4,169.4,183.1
"LoganCounty",166.8,190.9,68.5,215.5,71.2,162.7,166.3,208.8,119.7,114.7,264.4,198.3,296,258.5,138.5,151.6,159.5,198.6,214.5,246.5,58.8,284.8,215.3,77,117.7,265,236.5,298.1,169.4,222.6,162.4,86.7,122.1,290,141.3,118.1,96.8,94.9,129.4,140,159.1,147.9,103.9,123.5,180.4,63.5,120.7,271.5,295.3,140.1,90.1,149.2,191.4,227.2,250.2,37.4,12.3,105.1,33.4,216.6,152.1,174.2,157.2,316.9,212.2,285.5,319,101.5,120.5,225.1,188,171.7,109.2,342.1,146.4,248.7,294.3,224.1,210.2,232.6,180.1,102.1,251.9,220.6,248.3,36,271.1,101.5,259.1,242,187,147.3,204.7
"LoupCounty",136.2,109.7,166.3,305.3,49.8,88.9,212,125.1,72.3,87.6,190.6,155.1,247.4,177.3,228.3,167.9,249.3,150,151.9,172.7,49.2,205.3,269.9,103.4,207.5,183.8,180.6,212.8,233.7,174,139.1,159.1,140.9,241.4,231.1,33.5,115.6,152.8,73.5,107.3,126.4,128.4,193.7,195.5,95.8,109.2,77.5,222.9,246.7,116.8,179.9,88.5,281.1,145.9,201.6,127.2,105.1,12.3,131.2,140.4,108.9,241.3,102.9,268.3,177.5,236.9,270.4,191.3,101,143.9,129.9,128.5,170.4,293.5,52.8,200.1,217.7,180.9,261.1,184,225.8,70.8,302.9,146.8,199.7,81.8,197.3,44.4,194.3,168.2,163.7,66.1,156.1
"McPhersonCounty",183.3,217,36.4,184,101.7,188.8,135.8,239.2,150.2,146.3,290.5,224.4,312.5,284.6,129.2,182.1,150.1,215.1,240.6,272.6,84.9,310.9,184.8,95.9,108.4,291.1,262.6,314.6,160,239.1,178.9,93.7,138.6,306.5,111.4,144.2,113.3,62.7,155.5,179,199.1,164.4,110.9,130.5,206.5,93.9,146.8,288,311.8,156.6,71,179.7,182,253.3,266.7,44.3,33.4,131.2,15.1,242.7,178.3,144.4,183.3,333.4,228.7,302,335.5,99.1,137,251.2,214.1,197.8,116.2,358.6,176.9,265.2,310.8,250.2,180.3,249.1,149.6,128.2,222,246.7,264.8,66.4,297.2,127.6,329.7,268.1,203.5,173.4,221.2
"MadisonCounty",146.4,41.2,277.9,438.4,171.8,54.6,334,109.6,143.2,170.7,77.5,72.8,143.1,61.1,361.4,238.8,382.3,134.3,56,46.5,160.8,79.9,340.7,208.8,340.6,67.3,84.8,116.9,333.1,121.6,189.8,257.5,240.3,165.3,364.2,115.8,215,274.8,93.6,121.1,108.1,219.6,326.8,294.8,82.3,231.2,114.5,154.9,170.6,167.6,313,159.4,414.2,68.6,122.7,259.8,216.6,140.4,242.7,12.3,87.8,397.1,69.6,186.4,161.7,160.9,194.4,324.4,192.3,33.6,38.4,75.4,269.7,220.9,133.6,130.6,126.3,102.3,383,100.5,306.5,144.4,397.1,27,147.4,203.7,66.2,121.3,98.4,37.1,178.3,78.5,97.2
"MerrickCounty",60,78.2,213.4,352,140.3,41.1,293.9,146.5,172.8,84.4,127.2,52.3,139.6,137.2,275,270.6,296,47.9,68.6,111.1,96.3,156,342.9,122.4,254.2,143.4,90.6,109.5,246.7,66.2,103.4,171.1,153.9,133.6,277.8,95.2,128.6,234.7,56.9,34.7,21.7,133.3,240.4,208.5,119.2,191.1,33.5,115.1,138.9,81.2,226.6,193.2,327.8,114.4,93.8,173.4,152.1,108.9,178.3,87.8,11.4,310.7,20.3,160.5,75.3,129.1,162.6,238,105.9,109.7,51.1,25.8,183.4,185.7,157.4,92.3,115,78.2,346.6,65.8,307.7,63.4,388.4,91.8,91.9,163.6,134.2,72.5,113.2,113.2,91.9,79.3,42.1
"MorrillCounty",282.4,332.5,108,43.4,196.6,311.7,40.1,313.3,245.1,245.4,433.5,358.6,411.6,400.1,144.1,194,41,314.3,374.9,417.4,217.8,458.3,89.1,195,69.9,406.6,396.9,413.8,175,338.2,278,192.9,237.8,405.6,51.4,256.3,212.5,104.9,288.4,278.1,298.3,263.5,172.3,181.9,308.1,132.3,299,387.2,411,255.8,88.7,252.4,65.7,368.8,365.9,143.5,174.2,241.3,144.4,397.1,310.7,19.5,329.7,432.6,327.8,401.2,434.7,114,236.2,366.8,360.4,332.1,215.4,457.7,271.2,364.4,410,392.6,39.9,348.2,88.2,279.3,81.6,401,364,159.9,440.5,260.4,428.9,422.4,302.6,288.9,320.4
"NanceCounty",79,62.8,218.4,371,134.2,25.8,296.4,131.1,164.7,103.4,117.4,63.5,143,118.9,294,260.4,315,66.9,61.2,99.5,101.3,137.8,345.4,141.4,273.2,125.2,83.2,117.4,265.7,85.2,122.4,190.1,172.9,152.6,296.8,89.1,147.6,237.2,46.1,53.7,40.7,152.3,259.4,227.5,103.8,193.6,46.9,134.1,157.9,100.2,245.6,181,346.9,99.1,112.8,192.4,157.2,102.9,183.3,69.6,20.3,329.7,10.9,179.5,94.4,148.1,181.6,257,124.9,91.4,32.9,37,202.4,204.7,151.3,111.3,126.2,89.3,365.6,81.5,310.2,76.8,407.4,73.6,110.9,166.1,124.1,66.4,105.8,94.9,110.9,68.6,57.8
"NemahaCounty",156.4,226.6,368.6,473.9,294.5,189.6,470.1,294.2,332.1,206.2,127.8,120.2,50.8,215.2,396.9,425.7,417.8,134.2,143.8,141.1,245.1,166.6,519.1,244.3,376.1,183.9,109.5,72.9,368.5,101,182.6,293,275.8,51,399.7,254.5,250.5,394.9,216.2,166,142,207.3,362.3,330.3,267.7,340,192.9,78,25.1,203.1,348.5,354,449.7,249.5,68.1,295.3,316.9,268.3,333.4,186.4,160.5,432.6,179.5,10.4,126,31.8,39.5,359.9,227.8,200.4,155.6,141.8,305.2,26.1,316.7,77.7,60.7,99.1,468.5,95.4,456.6,206.5,510.2,166.5,104.7,312.5,158.4,231.8,103.6,178.1,161.2,238.7,119.5
"NuckollsCounty",53.2,152.3,263.8,369.1,203.6,115.3,365.3,219.6,241.3,103,218.2,125.2,167.7,211.1,218.1,334.9,313.1,29,139.5,182,154.3,222.9,414.3,139.5,271.3,211.2,161.5,169.8,211,54,58.6,165.1,111.3,77.4,294.9,163.7,122.5,290.2,125.4,75.1,56.8,81.7,191,172.8,192.2,249.1,102,48.2,105.6,73.4,243.7,261.7,345,188.6,121.9,190.6,212.2,177.5,228.7,161.7,75.3,327.8,94.4,126,12.4,132.3,108.2,228.7,95.8,183.6,125,98.6,147.7,136.4,225.9,78.5,166,148.7,363.8,104.3,377,115.7,405.5,165.7,25.4,221.6,205.1,141,184.9,187.1,38.7,147.9,76.4
"OtoeCounty",150.5,195.3,337.2,442.5,263.1,158.2,438.7,263.6,300.8,174.8,98,88.8,28.8,200.4,365.5,394.3,386.4,129.8,115.7,114,213.8,151.9,487.7,212.9,344.7,169.1,82.4,49.6,337.2,106,193.9,261.6,244.4,57.2,368.3,223.1,219.1,363.5,184.9,134.6,110.6,223.8,330.9,299,236.3,308.6,161.5,84.2,28.6,171.7,317.1,321.1,418.3,208.3,36.8,263.9,285.5,236.9,302,160.9,129.1,401.2,148.1,31.8,132.3,12.8,44.5,328.5,196.4,173.3,124.2,110.4,273.8,56.9,285.3,78.3,45.2,67.7,437.1,64,425.2,175.1,478.8,139.4,111,281.1,128.6,200.4,72,151,182.4,207.3,88.2
"PawneeCounty",150.7,228.8,370.7,476,296.6,191.7,472.2,297.1,334.3,208.3,131.5,122.3,62.3,233.9,321,427.8,419.9,126.5,149.2,147.5,247.3,185.4,521.2,246.4,378.2,202.6,115.9,83.1,313.9,104.2,166.4,295.1,219.1,38.9,401.8,256.6,252.6,397,218.4,168.1,144.1,189.5,293.9,275.7,269.8,342.1,195,63.8,23.9,171.3,350.6,354.6,451.8,241.8,70.3,297.4,319,270.4,335.5,194.4,162.6,434.7,181.6,39.5,108.2,44.5,10.7,362,198.7,206.8,157.7,143.9,250.6,34.4,318.8,76.5,78.7,101.2,470.6,97.5,458.7,208.6,512.3,172.9,86.9,314.6,162.1,233.9,105.5,184.5,146.5,240.8,121.7
"PerkinsCounty",209.8,277.2,62.7,155.3,169.8,277.9,151.5,301.7,218.4,172.8,360.8,285.9,339,373.8,33.7,179.2,99.3,241.6,302.2,344.7,145.1,385.6,200.5,122.4,57.5,373.9,324.2,341.1,64.6,265.5,178.9,80.1,139.5,333,81.1,204.4,114.2,89.1,215.7,205.4,225.6,163.4,54.8,71.6,266.7,130.3,226.3,314.5,338.3,183.1,29.9,247.8,131.1,313.4,293.2,64.8,101.5,191.3,99.1,324.4,238,114,257,359.9,228.7,328.5,362,15.3,163.5,311.4,287.7,259.4,95.3,385,239.8,291.7,337.3,319.9,149.9,275.5,175.9,206.6,191.7,328.4,291.3,134.6,367.8,187.8,356.2,349.8,203.6,233.5,247.7
"PhelpsCounty",56.2,182.8,172.2,277.5,124.3,145.8,273.7,211.4,164.8,40.6,228.7,153.8,206.8,241.6,146.4,255.5,221.4,82.6,170.1,212.6,74.9,253.4,322.7,47.9,179.7,241.7,192.1,208.9,139.2,112,46,80,46.5,162.1,203.3,114,37.5,198.5,130,73.3,93.5,31,119.2,101,176.4,169.8,94.2,143.6,206.1,28.3,152.1,185.2,253.3,219.1,161,98.9,120.5,101,137,192.3,105.9,236.2,124.9,227.8,95.8,196.4,198.7,163.5,12,214.1,155.6,127.3,75.9,252.9,149.4,138.1,205.2,187.8,272.1,143.4,285.4,74.5,313.8,196.2,121.7,142.3,235.6,95.4,224.1,217.6,70.6,152.5,115.5
"PierceCounty",168.2,37.8,286.4,425.4,175.3,74.5,334.7,92.3,127.1,192.6,91.4,94.7,157.1,59.6,348.4,222.7,369.3,156.1,76.4,60.4,169.3,87.4,324.6,230.6,327.6,65.8,98.8,131,354.9,143.5,211.6,279.4,262.1,187.2,351.2,119.3,236.8,278.3,106.7,142.9,129.9,241.5,313.8,316.7,66.2,234.7,136.3,176.7,192.5,189.4,300,143.3,401.2,38.9,144.5,247.2,225.1,143.9,251.2,33.6,109.7,366.8,91.4,200.4,183.6,173.3,206.8,311.4,214.1,12.3,60.3,97.3,291.6,234.9,117.6,152.4,140.3,124.2,386.5,122.3,290.5,151.2,381,40.8,169.2,207.2,80.1,124.8,112.4,46.4,200.1,82,119.1
"PlatteCounty",109.7,77.4,249.3,401.7,161.3,41.7,323.5,145.8,179.4,134,86.2,36.1,117.9,87.8,324.7,275,345.6,97.6,35.7,68.3,132.2,106.6,376.9,172.1,303.9,94,57.7,91.8,296.4,84.9,153.1,220.8,203.6,128.6,327.5,105.3,178.3,264.3,64.4,84.4,71.4,182.9,290.1,258.1,118.4,220.7,77.8,118.2,133.9,130.9,276.3,195.6,377.5,95.3,85.9,223.1,188,129.9,214.1,38.4,51.1,360.4,32.9,155.6,125,124.2,157.7,287.7,155.6,60.3,13.5,38.7,233,180.7,169.8,93.9,101.2,65.6,396.3,63.8,337.3,107.7,438,42.4,110.7,193.2,92.9,97.2,80.3,63.8,141.6,85.3,60.5
"PolkCounty",81.4,87,233,373.4,159.9,50,313.5,155.4,189,105.7,113.6,27.8,107.2,124.8,296.4,284.6,317.3,71.2,55,97.5,115.8,138.4,362.5,143.8,275.6,126.7,77,84.9,268,47.4,124.8,192.5,175.3,114.8,299.2,114.7,150,254.3,75.8,56.1,43.1,154.6,261.8,229.8,128.1,210.7,53.1,96.4,120.1,102.6,248,205.2,349.2,123.3,75,194.8,171.7,128.5,197.8,75.4,25.8,332.1,37,141.8,98.6,110.4,143.9,259.4,127.3,97.3,38.7,10.8,204.7,166.9,176.9,73.6,90.4,53.6,368,46.7,327.3,83,409.7,79.4,73.2,183.2,120.6,92,95.8,100.8,113.2,93.6,23
"RedWillowCounty",121.4,260.3,164.1,256.7,173.4,223.3,252.9,280.8,222,118.1,306.1,231.3,284.3,319.1,77.6,257.9,200.6,147.7,247.5,290,121.9,330.9,301.9,85.7,158.9,319.2,269.5,286.4,70.5,178.5,97.8,60.4,47.8,214,182.5,183.4,59.3,190.4,207.5,150.8,170.9,71.7,50.4,32.2,245.7,169.8,171.6,195.4,248,93.4,131.3,251.5,232.5,296.5,238.5,72.6,109.2,170.4,116.2,269.7,183.4,215.4,202.4,305.2,147.7,273.8,250.6,95.3,75.9,291.6,233,204.7,13.8,273,218.8,204.9,282.6,265.3,251.3,220.9,277.3,151.9,293,273.7,173.5,142.3,313.1,172.9,301.5,295.1,122.5,230,193
"RichardsonCounty",178.9,251.8,393.8,499,319.7,214.8,495.2,320.3,357.3,231.4,153.9,145.4,75.9,241.3,343.4,450.9,443,148.9,178.3,175.6,270.3,192.8,544.2,269.4,401.2,210.1,144,106.5,336.3,123.6,193,318.2,243.5,61.3,424.8,279.7,275.6,420.1,241.4,191.1,167.1,217.7,316.3,298.1,292.8,365.1,218,88.4,46.7,228.3,373.6,380.1,474.9,275.6,93.3,320.5,342.1,293.5,358.6,220.9,185.7,457.7,204.7,26.1,136.4,56.9,34.4,385,252.9,234.9,180.7,166.9,273,12.1,341.9,100.3,85.8,131.4,493.7,120.6,481.7,231.7,535.4,201.1,115.1,337.7,184.5,257,129.7,212.6,171.6,263.9,144.7
"RockCounty",184.6,97.7,207.2,312.1,80.4,132.7,235.5,80.7,27.9,136,201,203.5,266.6,150.9,276.7,123.5,297.7,198.4,185.9,169.9,97.6,178.9,225.4,151.8,255.9,157.4,208.4,240.5,282.1,222.4,187.5,207.5,189.3,289.8,279.5,81.9,164,183.4,121.9,155.7,174.8,176.8,242.1,243.9,55.3,139.8,125.9,271.3,295.1,165.3,228.4,44.1,329.6,119.6,250,175.6,146.4,52.8,176.9,133.6,157.4,271.2,151.3,316.7,225.9,285.3,318.8,239.8,149.4,117.6,169.8,176.9,218.8,341.9,16.4,248.5,249.9,229.3,289.6,232.4,191.2,119.2,281.8,150.4,248.1,112.3,189.6,92.8,222,152.7,212.1,99.9,204.5
"SalineCounty",83.2,158.4,300.4,405.7,226.3,121.4,401.9,226.8,263.9,138,147.7,58.5,82.8,169.2,275.4,357.5,349.6,65.2,85.4,127.9,176.9,201.6,450.9,176.1,307.9,157,107.9,99.2,268.3,30.3,124.9,224.8,175.5,40,331.5,186.3,182.3,326.7,148,97.8,73.8,154.7,248.2,230,199.5,271.8,124.7,34.9,54.1,111,280.3,284.3,381.5,187.4,39.2,227.1,248.7,200.1,265.2,130.6,92.3,364.4,111.3,77.7,78.5,78.3,76.5,291.7,138.1,152.4,93.9,73.6,204.9,100.3,248.5,12.3,95.5,78.1,400.3,33.7,388.4,138.3,442,117.9,53.7,244.3,150.9,163.6,114.4,139.8,103.5,170.5,51.3
"SarpyCounty",159.3,157.4,346,451.3,271.9,133.9,447.5,242.9,259.4,183.6,65,67.1,28.9,163.9,374.3,355,395.2,138.6,83.7,81,222.6,115.4,496.5,221.7,353.5,132.6,49.4,16.5,346,114.8,202.7,270.4,253.2,94,377.1,197.5,227.9,372.3,165.1,143.4,119.4,232.6,339.7,307.7,198.5,317.4,142.3,115.3,62.8,180.5,325.9,275.6,427.1,175.3,46.9,272.7,294.3,217.7,310.8,126.3,115,410,126.2,60.7,166,45.2,78.7,337.3,205.2,140.3,101.2,90.4,282.6,85.8,249.9,95.5,8.1,37.4,445.9,72.8,434,183.9,487.6,106.4,140.6,289.9,95.6,181.2,39,118,191.1,177.5,96.9
"SaundersCounty",141.9,139.4,285.3,433.9,212.2,102.3,365.8,207.8,241.3,166.3,59.4,30.3,54.2,128.3,356.9,337,377.9,121.2,55.5,61.9,168.2,93.8,414.8,204.3,336.1,106.3,30.3,31.9,328.6,97.5,185.4,253.1,235.8,76.7,359.7,167.1,210.5,306.6,128.2,126,102,215.2,322.3,290.4,180.4,263,105.4,98,77.5,163.1,308.5,257.6,409.8,159.1,33.5,255.4,224.1,180.9,250.2,102.3,78.2,392.6,89.3,99.1,148.7,67.7,101.2,319.9,187.8,124.2,65.6,53.6,265.3,131.4,229.3,78.1,37.4,14.2,428.5,55.5,379.6,135.3,470.3,88.1,123.2,235.6,79.1,144.4,42.8,98.9,173.8,146,79.6
"ScottsBluffCounty",318.4,352.3,143.9,26.2,216.4,331.5,59.8,331.7,265.1,281.4,469.4,394.5,447.6,419.8,180,212.4,74.9,350.2,410.8,415.3,253.7,447.9,92.9,231,105.8,426.4,432.8,449.7,210.9,374.2,313.9,228.8,273.7,441.6,87.3,276.1,248.4,124.6,324.3,314.1,334.2,299.5,208.2,217.9,326.5,152,334.9,423.1,446.9,291.7,124.6,270.9,48.4,388.6,401.8,179.4,210.2,261.1,180.3,383,346.6,39.9,365.6,468.5,363.8,437.1,470.6,149.9,272.1,386.5,396.3,368,251.3,493.7,289.6,400.3,445.9,428.5,14,384.1,106.6,315.2,44.2,389.4,399.9,179.7,439.9,287,464.8,410.8,338.6,308.7,356.3
"SewardCounty",97.5,131.5,284.2,389.5,210.1,94.5,385.7,199.9,247.8,121.9,112.1,28.4,74.5,139.1,312.5,341.4,333.5,76.8,55.3,97.8,160.8,138.7,434.7,159.9,291.7,126.9,75.5,76.6,284.2,53.1,140.9,208.6,191.4,68.5,315.3,170.2,166.1,310.6,131.9,81.6,57.6,170.8,277.9,246,172.6,255.6,108.5,58,73.8,118.7,264.1,249.7,365.4,157.3,28.7,210.9,232.6,184,249.1,100.5,65.8,348.2,81.5,95.4,104.3,64,97.5,275.5,143.4,122.3,63.8,46.7,220.9,120.6,232.4,33.7,72.8,55.5,384.1,12.3,372.2,122.2,425.9,87.8,78.8,228.1,120.8,147.5,91.7,109.7,129.4,154.4,29.1
"SheridanCounty",331.6,270.6,113.2,129.1,181.1,296.2,52.5,233.3,166.8,272.9,373.9,353.8,435.7,321.4,206,114,126.6,338.3,359.3,342.8,214.4,351.8,61.9,244.3,155.5,330.3,381.2,437.8,236.9,362.2,327.2,254.8,287,429.6,137,240.8,261.7,89.4,280.8,295.6,314.7,312.8,234.2,243.8,228.2,116.8,276.3,411.2,435,305,147.8,172.5,151.4,291.1,389.9,205.4,180.1,225.8,149.6,306.5,307.7,88.2,310.2,456.6,377,425.2,458.7,175.9,285.4,290.5,337.3,327.3,277.3,481.7,191.2,388.4,434,379.6,106.6,372.2,25.6,257.7,118.2,323.3,388,144.5,362.5,251.8,394.9,325.6,351.9,273.4,344.4
"ShermanCounty",74.4,116.9,163.4,320.6,95.6,88.7,243.9,145,134.7,35.6,184.4,109.5,185.6,184.5,243.6,226.8,264.5,88.2,125.8,168.3,46.3,212.6,292.9,91,222.8,191,147.8,187.7,215.3,112.2,87,139.7,122.5,179.6,246.4,57,97.2,184.7,55.5,45.5,64.7,101.8,209,177,117.7,141.1,32,161.1,184.9,64.8,195.2,155,296.4,153.2,139.8,142,102.1,70.8,128.2,144.4,63.4,279.3,76.8,206.5,115.7,175.1,208.6,206.6,74.5,151.2,107.7,83,151.9,231.7,119.2,138.3,183.9,135.3,315.2,122.2,257.7,12.3,356.9,148.3,137.9,113.6,191.4,27.5,170.4,169.7,106.3,73.3,94.3
"SiouxCounty",360.1,361.1,185.6,69.3,258.2,373.3,98.9,323.9,257.3,323.1,464.4,436.3,489.3,411.9,221.7,204.6,116.6,391.9,452.5,433.3,295.4,442.4,66.6,272.7,147.6,420.8,474.5,491.4,252.6,415.9,355.7,270.5,315.4,483.3,129,317.9,290.1,166.4,366,355.8,376,341.2,249.9,259.6,318.7,193.8,376.6,464.8,488.6,333.5,166.4,263,91.6,381.6,443.5,221.2,251.9,302.9,222,397.1,388.4,81.6,407.4,510.2,405.5,478.8,512.3,191.7,313.8,381,438,409.7,293,535.4,281.8,442,487.6,470.3,44.2,425.9,118.2,356.9,23.4,413.8,441.6,221.5,453,328.8,506.5,416.1,380.3,350.5,398
"StantonCounty",150.3,58,281.9,442.3,178.1,58.6,340.3,126.3,159.9,174.7,59.1,60.2,123.2,68.1,365.3,255.5,386.3,138.2,36.2,31.7,164.7,67.7,357.5,212.7,344.5,55.9,64.9,97.1,337,125.6,193.8,261.5,244.2,152.7,368.1,122.1,218.9,281.1,97.6,125,112.1,223.6,330.7,298.8,99,237.6,118.4,142.2,157,171.6,317,176.1,418.2,75.8,110.4,263.8,220.6,146.8,246.7,27,91.8,401,73.6,166.5,165.7,139.4,172.9,328.4,196.2,40.8,42.4,79.4,273.7,201.1,150.4,117.9,106.4,88.1,389.4,87.8,323.3,148.3,413.8,10.7,151.3,210.1,51.5,127.6,78.6,38.7,182.2,95.2,101.2
"ThayerCounty",75.7,158,300,405.3,225.9,121,401.5,226.4,263.5,137.6,192.8,99.7,142.3,196.7,244,357.1,349.2,51.5,127,169.5,176.6,246.7,450.5,175.7,307.5,198.6,153,144.4,236.9,29.2,83.7,190.9,136.3,56.1,331.1,185.9,148.4,326.3,147.6,97.4,73.4,106.7,216.8,198.6,199.1,271.4,124.3,26.9,84.3,96.2,279.9,283.9,381.1,194.3,96.4,226.7,248.3,199.7,264.8,147.4,91.9,364,110.9,104.7,25.4,111,86.9,291.3,121.7,169.2,110.7,73.2,173.5,115.1,248.1,53.7,140.6,123.2,399.9,78.8,388,137.9,441.6,151.3,12.3,243.9,192.6,163.2,159.5,172.7,63.7,170.1,51
"ThomasCounty",180.4,173,95.3,200.9,37,152.2,130.6,174.6,85.6,128.8,253.9,209.8,291.6,240.6,171.6,117.4,192.6,194.2,215.2,236,70.3,268.6,179.6,110.1,150.8,247.1,243.9,293.7,202.5,218.2,180.3,119.8,155.2,285.6,174.4,96.8,129.9,71.4,136.8,151.5,170.6,169.7,137,156.6,149.2,27.9,132.2,267.1,290.9,158.1,123.2,115.1,224.4,209.2,245.8,70.4,36,81.8,66.4,203.7,163.6,159.9,166.1,312.5,221.6,281.1,314.6,134.6,142.3,207.2,193.2,183.2,142.3,337.7,112.3,244.3,289.9,235.6,179.7,228.1,144.5,113.6,221.5,210.1,243.9,13.7,260.6,107.7,257.5,231.5,205,129.3,200.3
"ThurstonCounty",189.7,97.2,332.4,481.7,228.6,109.1,390.9,159.3,199.2,214.1,42.9,93.2,112.4,72.2,404.8,294.8,425.7,177.6,69.2,34.3,215.2,27.4,396.7,252.1,384,43.7,56.7,81.6,376.4,166.8,233.2,300.9,283.7,155.3,407.5,172.6,258.4,331.6,148.1,164.4,151.5,263,370.1,338.2,138.2,288.1,161.4,175.3,146.2,211,356.4,215.4,457.6,106.5,112.1,303.2,271.1,197.3,297.2,66.2,134.2,440.5,124.1,158.4,205.1,128.6,162.1,367.8,235.6,80.1,92.9,120.6,313.1,184.5,189.6,150.9,95.6,79.1,439.9,120.8,362.5,191.4,453,51.5,192.6,260.6,10.2,178.1,65.4,42.8,221.6,134.4,142.4
"ValleyCounty",99.7,90.5,162.8,301.7,75.8,69.7,238,118.6,108.2,60.3,171.5,118.6,210.9,158.1,224.7,206.1,245.7,113.5,125.5,153.6,45.6,186.1,287,99.8,203.9,164.6,147.5,175.7,236.2,137.5,111.7,160.7,143.4,204.9,227.5,30.6,118.1,178.8,38.6,70.8,89.9,122.8,190.1,198,91.3,135.2,41,186.4,210.2,89.4,176.4,128.6,277.6,126.8,165.1,123.6,101.5,44.4,127.6,121.3,72.5,260.4,66.4,231.8,141,200.4,233.9,187.8,95.4,124.8,97.2,92,172.9,257,92.8,163.6,181.2,144.4,287,147.5,251.8,27.5,328.8,127.6,163.2,107.7,178.1,12.3,170.2,149,131.6,46.9,119.6
"WashingtonCounty",178.2,129.6,364.9,470.2,225.6,106,387.8,197.9,231.5,202.6,34.8,72.3,55.7,119.5,393.2,327.1,414.1,157.5,62.8,53.1,203.3,77.2,429.1,240.6,372.4,97.4,24.8,24.9,364.9,133.8,221.6,289.3,272.1,112.9,396,169.6,246.8,328.6,145.1,162.3,138.3,251.5,358.6,326.7,170.6,285,140.5,134.3,89.6,199.4,344.8,247.8,446,147.4,65.8,291.6,259.1,194.3,329.7,98.4,113.2,428.9,105.8,103.6,184.9,72,105.5,356.2,224.1,112.4,80.3,95.8,301.5,129.7,222,114.4,39,42.8,464.8,91.7,394.9,170.4,506.5,78.6,159.5,257.5,65.4,170.2,10.2,90.1,210.1,149.6,115.9
"WayneCounty",171.7,68.1,303.3,463.7,199.5,80,361.7,127.4,162.2,196.1,69.1,82,134.8,44.4,386.7,257.8,407.7,159.6,58,38,186.1,44,359.8,234.1,365.9,32.2,76.5,108.7,358.4,147,215.2,282.9,265.6,174.5,389.5,143.5,240.3,302.5,119,146.4,133.4,245,352.1,320.2,101.3,259,139.8,164.1,168.6,192.9,338.4,178.4,439.6,73.3,132.3,285.2,242,168.2,268.1,37.1,113.2,422.4,94.9,178.1,187.1,151,184.5,349.8,217.6,46.4,63.8,100.8,295.1,212.6,152.7,139.8,118,98.9,410.8,109.7,325.6,169.7,416.1,38.7,172.7,231.5,42.8,149,90.1,10.8,203.6,105.3,122.6
"WebsterCounty",38.8,168.8,238.7,343.9,187,131.8,340.1,210.2,227.5,77.8,214.6,139.8,192.8,227.6,193,318.2,287.9,51.5,156.1,198.6,137.6,239.4,389.1,114.3,246.1,227.7,178,194.9,185.8,77.2,37.9,139.9,90.5,112.6,269.7,154.3,97.3,265,116,65.7,79.5,60.9,165.8,147.6,182.8,232.5,92.7,86.5,146.6,48.2,218.6,247.9,319.8,205.1,147,165.4,187,163.7,203.5,178.3,91.9,302.6,110.9,161.2,38.7,182.4,146.5,203.6,70.6,200.1,141.6,113.2,122.5,171.6,212.1,103.5,191.1,173.8,338.6,129.4,351.9,106.3,380.3,182.2,63.7,205,221.6,131.6,210.1,203.6,12.3,138.5,101.5
"WheelerCounty",106.6,47.7,208.5,347.5,97.4,44.3,259.6,75.8,109.4,106.1,146,114.1,194.3,115.3,270.5,205,291.5,120.4,107.3,114.7,91.4,143.4,307,145.6,249.7,121.8,136,168.2,293.3,144.4,150.1,217.8,200.5,211.8,273.3,41.4,175.2,200.4,28.9,77.7,96.8,179.9,235.9,255.1,48.5,156.8,57.2,193.3,217.1,127.8,222.1,125.6,323.4,84,172,169.4,147.3,66.1,173.4,78.5,79.3,288.9,68.6,238.7,147.9,207.3,240.8,233.5,152.5,82,85.3,93.6,230,263.9,93.3,170.5,177.5,146,308.7,154.4,273.4,73.3,350.5,95.2,170.1,129.3,134.4,46.9,149.6,105.3,138.5,12.3,114.4
"YorkCounty",69.6,107.9,256.4,361.6,182.3,70.8,357.9,176.2,219.9,94,149.1,49.5,98.6,146.6,284.7,313.5,305.6,49,76.8,119.3,132.9,160.2,406.8,132.1,263.9,148.5,98.8,100.7,256.3,25.2,113.1,180.8,163.6,92.6,287.4,142.3,138.3,282.7,104,53.7,24.7,142.9,250.1,218.1,148.9,227.8,80.7,74.2,97.9,90.9,236.3,226.1,337.5,144.1,52.8,183.1,204.7,156.1,221.2,97.2,42.1,320.4,57.8,119.5,76.4,88.2,121.7,247.7,115.5,119.1,60.5,23,193,144.7,204.5,51.3,96.9,79.6,356.3,29.1,344.4,94.3,398,101.2,51,200.3,142.4,119.6,115.9,122.6,101.5,114.4,12.3
