"FAFZone","AtlanticCounty","BergenCounty","BurlingtonCounty","CamdenCounty","CapeMayCounty","CumberlandCounty","EssexCounty","GloucesterCounty","HudsonCounty","HunterdonCounty","MercerCounty","MiddlesexCounty","MonmouthCounty","MorrisCounty","OceanCounty","PassaicCounty","SalemCounty","SomersetCounty","SussexCounty","UnionCounty","WarrenCounty"
"11",916.74,977.99,913.24,892.4,933.87,897.7,963.05,886.49,967.96,927.33,942.4,959.58,971.05,947.89,944.64,970.74,876.4,943.67,951.57,961.94,922.25
"12",1113.8,1209.35,1110.3,1089.45,1130.9,1094.75,1194.4,1083.55,1199.3,1158.7,1173.75,1190.9,1202.4,1179.25,1141.7,1202.1,1073.45,1175,1182.9,1193.3,1153.6
"19",955.727272727273,1031.55454545455,952.227272727273,931.396363636364,972.876363636364,936.7,1016.59090909091,925.503636363636,1021.5,980.872727272727,995.947272727273,1013.13454545455,1024.59090909091,1001.43818181818,983.632727272727,1024.28,915.410909090909,997.229090909091,1005.11818181818,1015.49090909091,975.790909090909
"20",1402.56551724138,1386.11379310345,1390.34827586207,1376.91034482759,1406.66551724138,1382.96896551724,1380.06206896552,1377.01034482759,1388.36551724138,1369.80689655172,1382.54827586207,1389.31724137931,1404.15172413793,1368.61724137931,1409.12413793103,1381.34482758621,1369.01724137931,1378.88620689655,1364.59655172414,1384.55862068966,1353.33448275862
"41",2433.05,2451.85,2414.4,2393.9,2439.35,2403.15,2436.85,2394.05,2441.75,2401.15,2412.85,2433.45,2441.45,2421.75,2443.05,2444.55,2381.85,2417.5,2435.1,2435.75,2396.05
"42",2417.2,2435.975,2398.55,2378.05,2423.45,2387.3,2421.025,2378.175,2425.95,2385.3,2396.975,2417.55,2425.625,2405.85,2427.2,2428.7,2366,2401.65,2419.25,2419.925,2380.225
"49",2382.46818181819,2401.23181818182,2363.79545454545,2343.28636363636,2388.72272727273,2352.54090909091,2386.28636363636,2343.43181818182,2391.18636363637,2350.55,2362.23181818182,2382.82272727272,2390.86818181818,2371.12272727272,2392.46818181819,2393.96818181819,2331.24090909091,2366.91818181818,2384.50454545455,2385.18636363637,2345.48636363637
"50",1212.406,1264.15333333334,1206.676,1186.294,1228.24533333334,1192.06666666667,1249.19,1181.11866666666,1254.106,1213.47533333333,1227.20133333334,1245.74,1255.83533333333,1234.04133333333,1237.34333333333,1256.88466666667,1170.77466666666,1229.828,1239.14933333334,1248.09,1208.38733333333
"61",2761.22,2784.02,2742.56,2722.06,2767.48,2731.32,2765.02,2722.22,2769.92,2729.32,2741.02,2761.6,2769.62,2756.62,2771.22,2776.72,2710.02,2745.7,2754.38,2763.92,2724.22
"62",2824.2,2799.1,2805.57142857143,2785.04285714285,2830.47142857143,2794.28571428571,2789.87142857143,2785.2,2802.54285714286,2774.2,2793.67142857143,2803.98571428571,2826.64285714286,2772.38571428571,2834.21428571429,2791.8,2773,2788.08571428571,2766.27142857143,2796.71428571429,2749.08571428571
"63",2795.4,2814.1,2776.7,2756.2,2801.6,2765.4,2799.2,2756.4,2804.1,2763.5,2775.1,2795.7,2803.8,2784,2805.4,2806.9,2744.2,2779.8,2797.4,2798.1,2758.4
"64",2936.45833333333,2913.79166666667,2917.8,2897.29166666667,2942.725,2906.54166666667,2904.56666666666,2897.43333333334,2917.25,2888.90833333334,2908.35,2918.68333333334,2941.33333333333,2887.09166666666,2946.46666666666,2906.53333333334,2885.24166666666,2902.775,2880.96666666666,2911.44166666666,2863.775
"65",2916.35,2937.85,2897.7,2877.2,2922.6,2886.45,2920.2,2877.35,2925.1,2884.45,2896.15,2916.7,2924.8,2911.15,2926.35,2930.6,2865.15,2900.8,2905,2919.1,2879.4
"69",2888.28064516129,2874.59677419355,2869.62903225807,2849.11612903226,2894.54677419355,2858.36774193549,2863.03225806452,2849.26129032258,2873.9564516129,2842.86451612903,2860.37419354839,2873.20967741936,2892.23548387097,2847.77741935484,2898.28387096774,2867.31612903226,2837.07419354839,2857.28548387096,2842.27741935484,2868.1064516129,2822.25
"81",1793.54583333333,1789.89583333334,1774.90833333333,1754.37083333333,1799.8125,1763.62083333333,1779.73333333333,1754.52083333334,1788.98333333333,1756.32916666667,1771.20416666667,1787.14583333334,1800.57916666667,1762.62916666667,1803.57916666667,1782.64583333334,1742.32916666667,1771.24166666667,1759.76666666667,1783.125,1738.94583333334
"89",1870.75,1878.73173076923,1852.09326923077,1831.57019230769,1876.99807692308,1840.8173076923,1866.52692307692,1831.7201923077,1871.68653846154,1834.52307692307,1848.73173076923,1865.82115384616,1877.6923076923,1850.74615384615,1880.75576923077,1871.46923076923,1819.53846153846,1849.91153846154,1854.52596153847,1864.49615384615,1825.73461538462
"91",244.733333333333,129.133333333333,199,209.633333333333,268.7,254.133333333333,144.266666666667,223.233333333333,129.666666666667,189.566666666667,179.4,153.433333333333,174.033333333333,155.466666666667,198.233333333333,141.866666666667,240.333333333333,179.333333333333,158.133333333333,143.433333333333,189.066666666667
"92",204.2,86.2333333333333,158.466666666667,169.066666666667,228.166666666667,213.566666666667,101.333333333333,182.666666666667,89.1,146.633333333333,138.866666666667,112.866666666667,133.466666666667,112.533333333333,157.666666666667,98.9333333333333,199.766666666667,136.433333333333,120.8,103.9,146.133333333333
"99",265.15,149.25,219.35,229.95,289.05,274.45,164.4,243.55,150.05,209.65,199.75,173.75,194.4,175.55,218.55,162,260.65,199.45,182.15,163.85,209.15
"101",82.8,156.6,79.3,58.45,100.4,63.75,141.35,52.55,141.85,119.25,94.65,115.65,121.05,151.55,111.15,165.05,42.45,120.55,164.8,132.05,143.75
"109",139.5,212.8,136,115.1,50.8,120.4,197.6,109.2,198.1,177.1,151.3,171.9,177.3,209.4,167.4,222.9,99.2,178.4,222.6,188.3,201.6
"111",163.5,236.9,160,139.2,180.7,144.5,221.6,133.3,222.1,197.9,175.4,195.9,201.3,230.2,191.4,243.7,123.2,199.3,250.3,212.3,220.9
"121",910.316666666667,983.683333333333,906.816666666667,885.983333333333,927.466666666667,891.283333333333,968.433333333333,880.083333333333,968.95,944.7,922.183333333333,942.733333333333,948.133333333333,977.033333333333,938.233333333333,990.533333333333,869.983333333333,946.05,999.166666666667,959.133333333333,969.833333333333
"122",1152.52857142857,1225.9,1149.02857142857,1128.2,1169.68571428571,1133.5,1210.62857142857,1122.3,1211.12857142857,1186.91428571429,1164.4,1184.92857142857,1190.32857142857,1219.22857142857,1180.42857142857,1232.72857142857,1112.2,1188.22857142857,1241.35714285714,1201.32857142857,1212.02857142857
"123",1005.95714285714,1079.32857142857,1002.45714285714,981.614285714286,1023.08571428571,986.928571428571,1064.07142857143,975.7,1064.57142857143,1040.35714285714,1017.82857142857,1038.37142857143,1043.77142857143,1072.65714285714,1033.87142857143,1086.17142857143,965.642857142857,1041.67142857143,1094.77142857143,1054.77142857143,1065.47142857143
"124",1072.3,1145.7,1068.8,1048,1089.5,1053.3,1130.4,1042.1,1130.925,1106.7,1084.2,1104.7,1110.1,1139,1100.2,1152.5,1032,1108.05,1161.15,1121.1,1131.8
"129",1068.96860465116,1144.99186046512,1065.46860465116,1044.63837209302,1086.10581395349,1049.93372093023,1130.2011627907,1038.73837209302,1131.72906976744,1103.01744186046,1089.78488372093,1109.69651162791,1116.22906976744,1132.32209302326,1096.86860465116,1148.21744186046,1028.64302325582,1108.19534883721,1148.62790697674,1122.81046511628,1119.3011627907
"131",796.438461538462,884.158974358974,792.938461538462,772.105128205128,813.587179487179,777.402564102564,869.194871794872,766.210256410256,874.107692307692,833.471794871795,848.553846153846,865.74358974359,876.830769230769,854.04358974359,824.335897435897,876.887179487179,756.120512820513,849.833333333333,857.723076923077,868.1,828.397435897436
"132",773.3,846.683333333333,769.8,748.983333333333,790.466666666667,754.283333333333,831.4,743.083333333333,831.916666666667,811.116666666667,785.183333333333,805.7,811.1,841.483333333333,801.2,856.533333333333,732.983333333333,809.016666666667,860.533333333333,822.1,831.2
"139",851.423684210527,932.008333333333,847.923684210527,827.097368421053,868.574561403509,832.397368421053,916.299122807018,821.199122807018,920.049122807018,883.45701754386,873.913157894737,894.218859649123,900.375438596491,906.49649122807,879.325438596491,928.185964912281,811.107894736842,897.134210526316,912.17850877193,912.328070175439,882.847368421053
"151",,,,,,,,,,,,,,,,,,,,,
"159",,,,,,,,,,,,,,,,,,,,,
"160",2436.14431818182,2411.02613636364,2417.50568181818,2396.97386363636,2442.41022727273,2406.22159090909,2401.80568181818,2397.12840909091,2414.47159090909,2386.14431818182,2405.58977272727,2415.91704545455,2438.5625,2384.31477272727,2446.15113636364,2403.75227272727,2384.9375,2400.01022727272,2378.20113636363,2408.65568181818,2361.01022727272
"171",857.923076923077,832.815384615385,839.276923076923,818.765384615385,864.184615384615,828.015384615385,823.569230769231,818.907692307692,836.230769230769,807.923076923077,827.346153846154,837.707692307692,860.330769230769,806.107692307692,867.930769230769,825.530769230769,806.715384615385,821.807692307692,799.961538461538,830.430769230769,782.807692307692
"172",931.522222222222,950.288888888889,912.877777777778,892.35,937.777777777778,901.611111111111,935.344444444444,892.5,940.244444444445,899.622222222222,911.288888888889,931.877777777778,939.944444444444,920.177777777778,941.544444444444,943.044444444444,880.322222222222,915.977777777778,933.577777777778,934.244444444445,894.544444444444
"179",907.9625,918.375,889.666875,869.16,914.4925,878.31,904.6725,869.1575,911.549375,873.3675,886.41125,905.165,915.855,889.50875,918.32875,911.1075,857.025,889.2575,895.096875,905.56375,863.4075
"181",784.52,766.6,765.84,745.33,790.76,754.58,757.36,745.48,770.04,739.58,758.08,769.84,789.34,739.88,794.52,759.34,733.3,753.92,733.78,764.5,716.58
"182",703.211111111111,721.983333333333,684.566666666667,664.030555555556,709.466666666667,673.277777777778,707.038888888889,664.177777777778,711.95,671.305555555556,682.983333333333,703.572222222222,711.638888888889,691.866666666667,713.227777777778,714.727777777778,651.994444444444,687.666666666667,700.516666666667,705.944444444444,666.25
"183",674.5625,649.05,655.9125,635.4,680.825,644.65,639.8125,635.55,652.5125,624.1625,647.625,653.95,676.6,622.35,684.575,641.775,623.35,638.05,616.225,646.7,599.05
"189",740.820491803279,747.177049180328,722.179508196721,701.653278688525,747.087704918033,710.903278688525,734.620491803279,701.804918032787,741.695081967213,704.923770491803,718.829508196721,736.664754098361,748.248360655738,718.122131147541,750.831967213114,739.910655737704,689.611475409836,720.758196721311,720.997540983607,735.743442622951,693.818852459017
"190",1163.3196969697,1140.24494949495,1144.66919191919,1124.15353535354,1169.57323232324,1133.40454545454,1131.0095959596,1124.30303030303,1143.68838383839,1115.17828282828,1133.49343434344,1144.97323232324,1167.08939393939,1113.52727272727,1173.33383838383,1132.97424242424,1112.11262626262,1129.05808080808,1107.40757575758,1137.88333333334,1090.21666666666
"201",1222.23333333333,1241.01111111111,1203.58888888889,1183.06111111111,1228.48888888889,1192.31111111111,1226.06666666667,1183.21111111111,1230.97777777778,1190.33333333333,1202.01111111111,1222.6,1230.66666666667,1210.91111111111,1232.24444444444,1233.74444444444,1171.01111111111,1206.7,1224.28888888889,1224.96666666667,1185.27777777778
"202",1388.83333333333,1407.61666666667,1370.2,1349.66666666667,1395.11666666667,1358.91666666667,1392.65,1349.81666666667,1397.56666666667,1356.93333333333,1368.61666666667,1389.21666666667,1397.26666666667,1377.51666666667,1398.83333333333,1400.33333333333,1337.61666666667,1373.31666666667,1390.91666666667,1391.55,1351.86666666667
"209",1428.71388888888,1448.40277777778,1410.06388888889,1389.54277777778,1434.97277777777,1398.79277777777,1434.01833333334,1389.68722222223,1437.49722222222,1396.49722222222,1408.495,1428.70944444445,1437.13388888888,1418.30611111112,1438.725,1441.13166666666,1377.50388888888,1412.80111111111,1429.94833333334,1431.49277777778,1393.22166666666
"211",649.8625,668.5,631.0375,612.5625,656.625,620.4625,653.5125,610.825,658.425,617.8125,629.5,650.1,658.1125,638.3875,659.7125,661.2125,599.1625,634.175,642.0375,652.4125,612.7125
"212",727.972727272727,754.572727272727,716.545454545455,695.563636363637,742.318181818182,706.154545454545,739.590909090909,692.954545454545,744.490909090909,703.890909090909,714.990909090909,736.163636363636,743.618181818182,724.445454545454,745.218181818182,747.290909090909,684.863636363636,720.218181818182,728.118181818182,738.490909090909,698.790909090909
"219",736.912871287129,776.529207920792,737.355940594059,711.402475247525,753.467821782178,717.289603960396,761.567821782178,706.067821782178,766.479702970297,725.85,739.615346534654,758.117326732673,768.257920792079,746.417326732673,767.107920792079,769.261881188119,696.001485148515,742.205445544555,750.097524752475,760.467821782178,720.765841584158
"221",1295.38888888889,1356.63333333333,1291.88888888889,1271.03333333333,1312.52222222222,1276.33333333333,1341.71111111111,1265.13333333333,1346.61111111111,1305.96666666667,1321.03333333333,1338.23333333333,1349.71111111111,1326.53333333333,1323.27777777778,1349.38888888889,1255.03333333333,1322.33333333333,1330.22222222222,1340.6,1300.91111111111
"222",1450.8,1512.05,1447.3,1426.5,1467.95,1431.8,1497.1,1420.55,1502,1461.4,1476.5,1493.65,1505.1,1481.95,1478.7,1504.8,1410.5,1477.7,1485.6,1496,1456.3
"223",1258.23,1319.51,1254.73,1233.91,1275.39,1239.21,1304.53,1228.01,1309.45,1268.82,1283.91,1301.1,1312.53,1289.41,1286.13,1312.23,1217.91,1285.2,1293.09,1303.43,1263.74
"229",1324.61162790698,1385.87790697675,1321.11162790698,1300.27441860465,1341.75813953488,1305.58139534884,1370.92441860465,1294.37790697675,1375.83488372093,1335.2023255814,1350.27441860465,1367.46627906977,1378.92441860465,1355.76976744186,1352.50930232558,1378.61162790698,1284.28604651163,1351.55813953488,1359.4511627907,1369.82790697674,1330.12209302325
"230",537.275,421.38125,491.4875,502.0875,561.19375,546.615625,436.5625,515.7375,422.175,481.8375,471.88125,445.89375,466.5625,447.74375,490.74375,434.15625,532.825,471.5875,448.69375,435.96875,481.3375
"241",131.785714285714,206.271428571429,128.285714285714,107.485714285714,148.971428571429,112.771428571429,191.028571428571,101.585714285714,190.414285714286,166.014285714286,143.685714285714,164.185714285714,169.614285714286,196.642857142857,159.685714285714,211.471428571429,91.4857142857143,170.4,210.2,180.614285714286,181.514285714286
"242",178.42,249.34,174.92,154.1,195.58,159.4,234.12,148.2,235.5,208,188.48,209.54,214.94,237.98,206.32,253.34,138.1,212.36,256.48,226.46,227.14
"249",176.175,242.15,175.825,151.858333333333,167.741666666667,157.158333333333,226.958333333333,145.958333333333,228.575,202.1,186.975,206.825,213.733333333333,231.491666666667,206.7,247.3125,135.858333333333,207.233333333333,243.375,219.708333333333,219.558333333333
"251",339.4625,223.5625,293.6875,304.2875,363.4,348.8125,238.75,317.925,224.3625,284.025,274.0625,248.1125,268.7625,249.925,292.925,236.35,335.0125,273.7875,255.725,238.15,283.525
"259",323.366666666667,206.166666666667,278.633333333333,289.433333333333,343.583333333333,333.666666666667,221.4,302.8,204.583333333333,264.666666666667,258.516666666667,228.283333333333,248.966666666667,230.583333333333,273.15,217,320.15,254.416666666667,233.533333333333,222.366666666667,264.166666666667
"261",655.25,630.13,636.6,616.075,661.5,625.32,620.9,616.23,633.6,605.25,624.7,635.02,657.7,603.41,665.29,622.87,604.03,619.1,597.3,627.8,580.1
"262",771.6875,746.5625,753.0125,732.5,777.925,741.7625,737.3,732.6375,750,721.6875,741.1,751.425,774.1,719.8375,781.7,739.2875,720.4875,735.525,713.7125,744.2,696.525
"269",859.894615384615,834.777692307692,841.246923076923,820.723846153846,866.156153846154,829.968461538461,825.551538461538,820.876153846154,838.225384615384,809.894615384615,829.342307692307,839.662307692307,862.313076923077,808.065384615385,869.903846153846,827.502307692308,808.683846153846,823.75923076923,801.95,832.413076923077,784.75923076923
"271",1256.64736842105,1231.53684210526,1238.02105263158,1217.48684210526,1262.93157894737,1226.73684210526,1222.32631578947,1217.63684210526,1235.00526315789,1206.64736842105,1226.11578947368,1236.43157894737,1259.07894736842,1204.83157894737,1266.65789473684,1224.26315789474,1205.43684210526,1220.53157894737,1198.72105263158,1229.18421052632,1181.53157894737
"279",1355.74852941176,1330.625,1337.09117647059,1316.57426470588,1362.00294117647,1325.82352941176,1321.39117647059,1316.725,1334.07941176471,1305.74852941176,1325.18529411765,1335.51617647059,1358.16470588235,1303.91323529412,1365.75588235294,1323.35588235294,1304.53382352941,1319.60294117647,1297.79264705882,1328.26470588235,1280.60294117647
"280",1118.89695121951,1180.58841463415,1115.39695121951,1094.57012195122,1136.05670731707,1099.86890243903,1165.6256097561,1088.67012195122,1170.54085365854,1129.90182926829,1144.98841463415,1162.18048780488,1173.6256097561,1150.48353658537,1146.79573170732,1173.31524390244,1078.57804878049,1146.27012195122,1154.16036585366,1164.52987804878,1124.8231707317
"291",1184.33076923077,1203.11538461538,1165.67692307692,1145.16153846153,1190.58461538462,1154.40769230769,1188.13846153846,1145.3,1193.05384615385,1152.43076923077,1164.11538461538,1184.7,1192.73846153846,1173,1194.33846153846,1195.83846153846,1133.13076923077,1168.78461538462,1186.38461538462,1187.03846153846,1147.33846153846
"292",979.725,998.4875,961.05,940.54375,985.9625,949.7875,983.525,940.6875,988.4375,947.825,959.4875,980.0625,988.125,968.3625,989.725,991.225,928.5125,964.1625,981.75,982.425,942.725
"299",1109.32872340426,1129.34574468085,1092.20319148936,1071.7420212766,1116.6914893617,1080.51063829787,1114.25957446809,1071.24574468085,1119.94893617021,1078.96170212766,1090.41276595745,1111.12978723404,1119.47127659574,1100.0829787234,1120.85957446809,1122.07127659574,1059.22021276596,1095.22127659574,1110.14787234043,1113.95425531915,1073.45638297872
"300",2158.55357142857,2133.42857142857,2139.89821428571,2119.37857142857,2164.80892857143,2128.63392857143,2124.19642857143,2119.53214285714,2136.88035714286,2108.55357142857,2127.98928571429,2138.31964285714,2160.96964285714,2106.71785714286,2168.55892857143,2126.16071428571,2107.34642857143,2122.40714285714,2100.59642857143,2131.075,2083.40714285714
"311",1286.61666666667,1261.51666666667,1267.98333333333,1247.46666666667,1292.88333333333,1256.71666666667,1252.26666666667,1247.61666666667,1264.91666666667,1236.61666666667,1256.03333333333,1266.41666666667,1289.01666666667,1234.78333333333,1296.61666666667,1254.21666666667,1235.41666666667,1250.48333333333,1228.68333333333,1259.11666666667,1211.48333333333
"319",1471.96379310345,1450.20574712643,1453.32068965518,1432.7908045977,1478.22643678161,1442.04252873563,1440.44195402299,1432.94022988506,1452.58448275862,1423.97183908046,1442.00402298851,1453.80057471264,1475.61321839081,1423.5,1481.97183908046,1442.94425287356,1420.74942528736,1437.89310344828,1417.3908045977,1446.77413793104,1399.64712643678
"321",2566.6,2549.2,2548,2527.45,2572.9,2536.7,2540,2527.6,2552.7,2524.3,2541.25,2554.1,2572.05,2522.5,2576.65,2541.95,2515.4,2538.2,2516.4,2546.85,2499.2
"329",2616.84,2592.76666666667,2598.22,2577.69,2623.13333333333,2586.94,2583.54666666667,2577.84,2596.2,2567.86666666667,2586.98666666667,2597.66666666667,2619.65333333333,2566.06666666667,2626.84,2585.46666666667,2565.64,2581.76,2559.94,2590.38666666667,2542.76
"331",383,267.14,337.24,347.84,406.94,392.34,282.3,361.48,267.92,327.56,317.64,291.64,312.3,293.48,336.48,279.9,378.56,317.34,294.44,281.68,327.06
"339",412.72,296.82,366.94,377.56,436.66,422.1,312.02,391.22,297.62,357.32,347.32,321.4,342.02,323.22,366.22,309.62,408.3,347.06,307.56,311.42,356.82
"350",1997.24848484849,2017.29848484848,1979.86666666666,1958.98636363637,2004.17575757575,1968.00303030303,2002.32272727273,1958.77121212121,2007.23181818182,1966.61363636364,1978.29848484848,1998.89242424243,2006.91969696969,1987.18636363637,2008.51666666667,2010.01666666667,1946.70606060606,1982.98181818182,2000.56363636363,2001.22575757576,1961.52575757576
"361",283.13,159.48,243.79,255.6,312.9,298.41,174.94,267.52,175.87,208.22,221.08,199.6,218.25,174.12,242.42,160.54,286.32,198,165.4,183.84,207.72
"362",402.25,367.9,379.433333333333,365.8,422.233333333333,391.433333333333,361.1,364.7,373.8,345.466666666667,374.9,375.233333333333,397.9,343.633333333333,422.1,360.3,370.233333333333,359.333333333333,337.033333333333,368,320.333333333333
"363",155.484615384615,41.7076923076923,111.673076923077,122.55,180.75,166.680769230769,50.1692307692308,135.803846153846,43.45,89.3692307692308,92.7192307692308,66.4038461538462,86.1115384615385,61.2384615384615,110.296153846154,49.5769230769231,153.280769230769,75.4115384615385,68.5076923076923,55.2884615384615,90.7076923076923
"364",348.225,298.5125,320.61875,311.8125,378.4375,350.3625,291.73125,316.61875,304.39375,276.0625,305.5125,305.8375,328.46875,274.2375,352.6625,290.86875,329.1625,289.9375,267.6375,298.575,250.9375
"369",321.389285714286,240.003571428571,289.053571428571,287.485714285714,350.335714285714,325.842857142857,244.939285714286,293.6875,251.128571428571,244.228571428571,270.846428571429,263.592857142857,284.264285714286,232.092857142857,308.453571428571,236.725,305.710714285714,252.8,219.757142857143,252.596428571429,224.232142857143
"371",551.55,640.35,548.05,527.216666666667,568.683333333333,532.516666666667,625.383333333333,521.316666666667,630.294444444444,589.672222222222,580.116666666667,598.794444444444,607.572222222222,610.227777777778,579.45,633.083333333333,511.238888888889,606.016666666667,613.916666666667,619.794444444444,584.594444444444
"372",482.06,567.44,478.56,457.74,499.21,463.05,552.41,451.84,556.89,517.91,506.66,525.51,524.81,539.65,509.96,561.55,441.75,532.77,543.93,538.2,514.59
"373",436.963636363636,510.327272727273,433.463636363636,412.627272727273,454.118181818182,417.936363636364,495.072727272727,406.736363636364,495.581818181818,471.354545454545,448.836363636364,469.363636363636,474.772727272727,503.672727272727,464.863636363636,517.172727272727,396.645454545455,472.690909090909,525.809090909091,485.772727272727,496.472727272727
"379",507.282857142857,577.980714285714,503.782857142857,482.953571428571,493.742142857143,488.250714285714,562.835714285715,477.056428571429,564.538571428571,535.498571428571,524.081428571429,543.648571428571,551.212857142858,563.435714285715,535.412857142858,580.808571428571,466.964285714286,542.844285714286,575.772857142857,555.034285714285,548.45
"380",1667.67547169811,1642.55471698113,1649.02830188679,1628.50471698113,1673.93773584906,1637.75660377359,1633.3358490566,1628.65660377358,1646.01698113208,1617.67547169811,1637.12264150943,1647.44339622642,1670.10566037736,1615.84905660377,1677.69056603774,1635.28679245283,1616.46226415094,1631.53962264151,1609.73773584906,1640.20566037736,1592.53962264151
"391",610.966666666667,629.75,592.316666666667,571.8,617.216666666667,581.05,614.816666666667,571.95,619.716666666667,579.083333333333,590.75,611.333333333333,619.4,599.65,620.983333333333,622.483333333333,559.75,595.416666666667,603.316666666667,613.7,574.016666666667
"392",474.953846153846,454.865384615385,455.634615384615,435.984615384615,480.619230769231,444.442307692308,445.626923076923,435.057692307692,458.311538461538,426.942307692308,444.938461538462,457.088461538462,477.496153846154,428.157692307692,484.311538461538,447.611538461538,423.15,441.173076923077,422.026923076923,452.511538461539,404.85
"393",525.894117647059,535.738235294117,507.167647058823,486.652941176471,532.141176470588,495.90294117647,522.8,486.802941176471,530.529411764706,491.591176470588,504.179411764706,523.555882352942,533.408823529412,506.832352941177,535.905882352941,528.470588235294,474.620588235294,507.638235294118,508.014705882353,524.561764705883,482.011764705882
"394",590.178571428572,608.85,571.521428571428,551.014285714286,596.435714285715,560.264285714286,594.692857142858,551.164285714285,598.892857142858,558.278571428571,569.964285714286,590.535714285714,598.592857142857,580.042857142857,600.192857142858,601.578571428572,538.964285714286,574.635714285714,584.65,592.892857142858,553.892857142858
"399",536.757777777778,536.547777777778,523.652222222222,500.947777777778,545.267777777777,509.088888888889,524.896666666667,499.437777777778,534.292222222222,500.774444444444,517.188888888889,531.598888888889,547.658888888889,508.008888888889,552.314444444444,529.277777777778,487.8,515.687777777778,505.596666666667,528.397777777778,484.107777777778
"401",1452.1125,1470.875,1433.475,1412.925,1458.375,1422.175,1455.9625,1413.075,1460.8625,1420.2125,1431.875,1452.475,1460.55,1440.775,1462.1375,1463.6375,1400.8875,1436.575,1454.175,1454.85,1415.15
"402",1350.3,1369.08,1331.65,1311.13,1356.56,1320.37,1354.15,1311.27,1359.05,1318.4,1330.08,1350.66,1358.75,1338.97,1360.32,1361.82,1299.08,1334.75,1352.35,1353.05,1313.34
"409",1475.18474576271,1497.17288135593,1457.88644067797,1437.52627118644,1482.61355932203,1446.43389830508,1482.21186440678,1437.06440677966,1487.12881355932,1446.49491525424,1458.28813559322,1478.76779661017,1486.92881355932,1467.06610169492,1487.56949152542,1489.90338983051,1425.13728813559,1462.85762711864,1480.12033898305,1481.11525423729,1441.41355932203
"411",2959.87222222222,2934.76111111112,2941.23888888888,2920.71111111112,2966.15,2929.96111111111,2925.52777777778,2920.86111111111,2938.21666666666,2909.87222222222,2929.32777777777,2939.65555555556,2962.30555555556,2908.05555555555,2969.87222222222,2927.48333333333,2908.67222222223,2923.75,2901.93888888889,2932.41666666667,2884.75
"419",2864.86666666667,2839.74074074074,2846.20740740741,2825.69444444445,2871.11481481481,2834.94074074074,2830.50740740741,2825.83703703704,2843.19259259259,2814.86666666667,2834.2962962963,2844.62222222222,2867.27777777778,2813.02962962963,2874.87037037037,2832.47407407407,2813.65185185185,2828.71851851852,2806.90740740741,2837.37777777778,2789.71851851852
"421",79.15,113.483333333333,56.4333333333334,46.2166666666667,100.833333333333,74.95,98.4,46.1583333333333,101.533333333333,62.65,57.8,78.2833333333333,87.2166666666667,92.3333333333333,86.95,107.4,56.8,71.65,104.016666666667,92.35,77.1
"422",357.811111111111,361.744444444444,339.155555555556,318.622222222222,364.666666666667,328.488888888889,349.988888888889,318.777777777778,358.188888888889,323.022222222222,337.577777777778,354.177777777778,367.188888888889,332.533333333333,367.822222222222,354.488888888889,307.188888888889,338.277777777778,328.255555555556,352.266666666667,309.188888888889
"423",134.85,91.26,101.64,101.96,165.5,140.08,78.68,106.92,86.7,55.28,83.9,83.68,106.34,63.12,126.42,81.8,119.96,67.74,59.22,81.18,43.08
"429",249.989361702127,234.436170212766,229.109574468085,213.448936170213,263.73829787234,230.623404255319,223.15,211.484042553192,233.128723404255,199.896808510638,217.923404255319,229.703191489362,248.186170212766,206.532978723404,257.439361702127,226.635106382979,209.36914893617,214.843617021276,202.637234042553,227.130851063829,182.598936170212
"441",300.58,184.7,254.81,265.42,324.52,309.94,199.88,279.06,185.48,245.16,235.2,209.22,229.88,211.06,254.06,197.48,296.16,234.92,223.22,199.28,244.66
"451",689.433333333333,762.8,685.933333333333,665.1,706.6,670.4,747.533333333333,659.2,748.066666666667,723.833333333333,701.3,721.833333333333,727.266666666667,756.133333333333,717.333333333333,769.633333333333,649.1,725.166666666667,778.266666666667,738.266666666667,748.966666666667
"452",649.32,746.18,645.82,624.99,666.45,630.3,731.21,619.1,736.12,695.5,710.58,727.75,739.21,716.05,677.23,738.91,609.01,711.84,719.73,730.12,690.41
"459",642.018181818182,725.921212121212,638.518181818182,617.690909090909,659.157575757576,622.993939393939,709.533333333333,611.8,709.860606060606,682.239393939394,663.806060606061,683.730303030303,690.230303030303,709.527272727273,669.927272727273,726.887878787879,601.70303030303,689.775757575758,722.184848484848,700.475757575758,692.872727272727
"460",1550.39090909091,1525.27424242425,1531.74545454546,1511.22196969697,1556.65303030303,1520.475,1516.04545454545,1511.37878787879,1528.72121212122,1500.39090909091,1519.83333333333,1530.16060606061,1552.81212121213,1498.5590909091,1560.4,1518,1499.18333333333,1514.25151515151,1492.44696969696,1522.90984848485,1475.25151515151
"471",1016.46666666667,1077.76666666667,1012.96666666667,992.166666666667,1033.63333333333,997.466666666667,1062.76666666667,986.266666666667,1067.66666666667,1027.06666666667,1042.16666666667,1059.36666666667,1070.76666666667,1047.66666666667,1044.36666666667,1070.46666666667,976.166666666667,1043.46666666667,1051.3,1061.66666666667,1021.96666666667
"472",838,898.729411764706,834.5,813.694117647059,855.170588235294,818.994117647059,883.747058823529,807.794117647059,888.664705882353,848.035294117647,862.929411764706,880.317647058823,891.547058823529,868.623529411765,866.782352941176,891.435294117647,797.7,864.405882352941,872.288235294118,882.647058823529,842.947058823529
"473",654.246153846154,715.507692307692,650.746153846154,629.915384615385,671.4,635.207692307692,700.569230769231,624.007692307692,705.469230769231,664.830769230769,679.915384615385,697.1,708.569230769231,685.407692307692,682.146153846154,708.246153846154,613.915384615385,681.192307692308,689.076923076923,699.461538461538,659.769230769231
"479",812.515322580645,871.657258064516,808.999193548387,788.175,829.652419354839,793.475,856.699193548387,782.275,861.602419354839,820.986290322581,835.342741935484,853.241935483871,863.984677419355,841.541935483871,840.449193548387,864.395967741935,772.184677419355,837.331451612903,845.225,855.599193548387,815.899193548387
"481",1698.24,1759.5,1694.74,1673.92,1715.38,1679.22,1744.54,1668,1749.44,1708.84,1723.92,1741.1,1752.54,1729.4,1726.14,1752.24,1657.92,1725.2,1733.08,1743.44,1703.74
"482",1474.3375,1535.625,1470.8375,1450.025,1491.5125,1455.325,1520.6625,1444.125,1525.5625,1484.9375,1500.025,1517.2125,1528.6625,1505.5125,1502.2375,1528.3375,1434.0375,1501.3125,1509.1875,1519.5625,1479.8375
"483",1799.48333333333,1860.76666666667,1795.98333333333,1775.16666666667,1816.65,1780.45,1845.81666666667,1769.26666666667,1850.71666666667,1810.06666666667,1825.16666666667,1842.35,1853.81666666667,1830.65,1827.38333333333,1853.48333333333,1759.16666666667,1826.45,1834.35,1844.71666666667,1804.98333333333
"484",1509.90526315789,1570.48421052632,1508.58947368421,1485.57894736842,1527.04210526316,1490.87894736842,1555.52105263158,1479.67894736842,1560.43684210526,1519.80526315789,1534.52631578947,1552.06842105263,1563.16315789474,1540.37894736842,1539.7,1563.21052631579,1469.59473684211,1536.15263157895,1545.06842105263,1554.42105263158,1514.73157894737
"485",2105.95,2167.25,2102.45,2081.65,2123.1,2086.95,2152.25,2075.75,2157.2,2116.55,2131.65,2148.85,2160.25,2137.15,2133.85,2159.95,2065.65,2132.9,2140.8,2151.15,2111.45
"486",1592.25,1653.52142857143,1588.75,1567.93571428571,1609.39285714286,1573.22857142857,1638.55714285714,1562.02142857143,1643.47142857143,1602.85,1617.93571428571,1635.10714285714,1646.55714285714,1623.40714285714,1620.15714285714,1646.25,1551.94285714286,1619.19285714286,1627.08571428571,1637.45714285714,1597.75714285714
"487",1921.2,1982.5,1917.7,1896.9,1938.3,1902.2,1967.5,1891,1972.4,1931.8,1946.9,1964.1,1975.5,1952.3,1949.1,1975.2,1880.9,1948.1,1956,1966.4,1926.7
"488",1778.975,1840.225,1775.475,1754.625,1796.1,1759.9125,1825.275,1748.725,1830.1875,1789.575,1804.625,1821.8125,1833.275,1810.1,1806.875,1832.975,1738.6375,1805.9,1813.7875,1824.1875,1784.4875
"489",1693.2941025641,1742.10410256411,1685.60743589744,1664.77846153846,1707.52564102564,1671.3476923077,1727.1458974359,1660.75487179488,1732.05307692308,1691.42282051282,1705.32615384615,1723.69384615385,1733.96743589744,1711.99384615384,1716.17666666667,1734.8341025641,1650.05435897436,1707.78384615385,1718.52743589744,1726.04512820512,1686.34358974359
"491",2213.46,2188.36,2194.84,2174.31,2219.75,2183.56,2179.14,2174.45,2191.82,2163.46,2182.94,2193.25,2215.9,2161.65,2223.47,2181.07,2162.26,2177.35,2155.54,2185.99,2138.35
"499",2251.76315789474,2238.38947368421,2233.11578947368,2212.5947368421,2258.02105263158,2221.84736842105,2229.16842105263,2212.74210526316,2241.83684210526,2213.52105263158,2229.96842105263,2243.28421052632,2259.50526315789,2211.68421052632,2261.76842105263,2231.12631578947,2200.55789473684,2227.36842105263,2205.55789473684,2236.03157894737,2188.36842105263
"500",410.285714285714,288.757142857143,368.171428571429,379.485714285714,437.992857142857,422.821428571429,304.135714285714,391.921428571429,299.964285714286,340.007142857143,346.321428571429,323.707142857143,343.364285714286,305.914285714286,367.542857142857,292.335714285714,410.214285714286,329.778571428571,292.935714285714,310.128571428571,339.507142857143
"511",294.629411764706,368.017647058824,291.129411764706,270.317647058824,311.8,275.617647058824,352.747058823529,264.417647058824,353.258823529412,329.029411764706,306.517647058824,327.041176470588,332.452941176471,361.335294117647,322.541176470588,374.835294117647,254.329411764706,330.364705882353,384.194117647059,343.452941176471,354.864705882353
"512",305.575,379.535714285715,302.075,281.253571428571,249.242857142857,286.553571428572,364.253571428571,275.364285714286,364.760714285714,342.607142857143,317.460714285715,338.553571428571,343.953571428571,374.910714285714,334.053571428571,388.410714285714,265.267857142858,343.935714285715,394.114285714286,354.953571428571,372.367857142857
"513",205.902941176471,280.59705882353,202.402941176471,181.567647058823,223.05,186.867647058824,265.408823529412,175.673529411764,266.95,238.867647058824,218.926470588236,239.261764705883,245.020588235294,268.379411764706,233.802941176471,285.173529411765,165.579411764705,243.744117647058,282.60294117647,256.473529411765,253.285294117647
"519",372.180232558139,443.440697674419,368.680232558139,347.840116279069,384.424418604651,353.143604651162,428.141279069768,341.937209302326,430.517441860466,396.823837209302,391.765697674418,410.999418604652,419.165697674419,421.434302325581,400.110465116279,441.672093023255,331.855813953489,408.114534883721,429.909883720931,420.276162790698,401.108720930232
"531",2931.18888888889,2906.06666666667,2912.52222222222,2892.01666666667,2937.42222222222,2901.26666666667,2896.82222222222,2892.16666666667,2909.48888888889,2881.18888888889,2900.6,2910.95555555556,2933.58888888889,2879.36666666667,2941.18888888889,2898.78888888889,2879.96666666667,2895.05555555556,2873.21111111111,2903.68888888889,2856.05555555556
"532",2932.1,2906.96666666667,2913.43333333333,2892.91666666667,2938.33333333333,2902.16666666667,2897.73333333333,2893.06666666667,2910.43333333333,2882.1,2901.53333333333,2911.83333333333,2934.53333333333,2880.26666666667,2942.1,2899.7,2880.86666666667,2895.93333333333,2874.13333333333,2904.6,2856.93333333333
"539",2794.60740740741,2769.49259259259,2775.95555555556,2755.44259259259,2800.87777777778,2764.68888888889,2760.25925925926,2755.5962962963,2772.93703703704,2744.60740740741,2764.05185185185,2774.38518518519,2797.01481481481,2742.78148148148,2804.61111111111,2762.20740740741,2743.4037037037,2758.47407407407,2736.66296296296,2767.12222222222,2719.47407407407
"540",417.931818181818,462.861818181818,421.302727272727,392.533636363637,434.304545454546,398.124545454546,447.892727272727,387.075454545454,452.805454545455,412.176363636364,426.485454545455,443.983636363636,455.065454545455,432.596363636364,451.328181818182,455.585454545455,376.83,428.545454545455,436.092727272727,446.790909090909,407.094545454545
"551",930.3875,905.2875,911.75,891.2375,936.6625,900.4875,896.0375,891.3875,908.7375,880.3875,899.8375,910.1875,932.8375,878.575,940.4125,898.0125,879.1875,894.2625,872.45,902.925,855.2625
"559",1090.09375,1064.97265625,1071.44765625,1050.9234375,1096.35390625,1060.17578125,1055.74453125,1051.07734375,1068.43046875,1040.09375,1059.53671875,1069.85859375,1092.51953125,1038.26484375,1100.10859375,1057.71015625,1038.88359375,1053.95546875,1032.14453125,1062.62109375,1014.95390625
"560",1963.83913043478,1938.70869565217,1945.17391304348,1924.65869565217,1970.08695652174,1933.90869565217,1929.47391304348,1924.80869565217,1942.15652173913,1913.83913043478,1933.26956521739,1943.60869565217,1966.25652173913,1912.00869565217,1973.84782608696,1931.44347826087,1912.62173913043,1927.68695652174,1905.87826086957,1936.35217391304,1888.68695652174
